sample_id,task,format,condition,final_estimate,threshold,lower_bound,upper_bound,bound_violation
main:giraffes:unrestricted:baseline:0002,giraffes,unrestricted,baseline,17550000,17550000.0,,,False
main:giraffes:unrestricted:baseline:0003,giraffes,unrestricted,baseline,23400000,17550000.0,,,False
main:giraffes:unrestricted:baseline:0001,giraffes,unrestricted,baseline,40000000,17550000.0,,,False
main:giraffes:unrestricted:baseline:0000,giraffes,unrestricted,baseline,19800000,17550000.0,,,False
main:giraffes:unrestricted:baseline:0005,giraffes,unrestricted,baseline,21126600,17550000.0,,,False
main:giraffes:unrestricted:baseline:0007,giraffes,unrestricted,baseline,17550000,17550000.0,,,False
main:giraffes:unrestricted:baseline:0004,giraffes,unrestricted,baseline,20500000,17550000.0,,,False
main:giraffes:unrestricted:baseline:0008,giraffes,unrestricted,baseline,20400000,17550000.0,,,False
main:giraffes:unrestricted:baseline:0011,giraffes,unrestricted,baseline,88000000,17550000.0,,,False
main:giraffes:unrestricted:baseline:0006,giraffes,unrestricted,baseline,15700000,17550000.0,,,False
main:giraffes:unrestricted:baseline:0009,giraffes,unrestricted,baseline,14825000,17550000.0,,,False
main:giraffes:unrestricted:baseline:0010,giraffes,unrestricted,baseline,9300000,17550000.0,,,False
main:giraffes:unrestricted:baseline:0012,giraffes,unrestricted,baseline,17550000,17550000.0,,,False
main:giraffes:unrestricted:baseline:0014,giraffes,unrestricted,baseline,45600000,17550000.0,,,False
main:giraffes:unrestricted:baseline:0013,giraffes,unrestricted,baseline,15000000,17550000.0,,,False
main:giraffes:unrestricted:baseline:0017,giraffes,unrestricted,baseline,23400000,17550000.0,,,False
main:giraffes:unrestricted:baseline:0015,giraffes,unrestricted,baseline,17850000,17550000.0,,,False
main:giraffes:unrestricted:baseline:0016,giraffes,unrestricted,baseline,8790000,17550000.0,,,False
main:giraffes:unrestricted:baseline:0018,giraffes,unrestricted,baseline,13500000,17550000.0,,,False
main:giraffes:unrestricted:baseline:0022,giraffes,unrestricted,baseline,7500000,17550000.0,,,False
main:giraffes:unrestricted:baseline:0020,giraffes,unrestricted,baseline,17550000,17550000.0,,,False
main:giraffes:unrestricted:baseline:0021,giraffes,unrestricted,baseline,18200000,17550000.0,,,False
main:giraffes:unrestricted:baseline:0019,giraffes,unrestricted,baseline,17550000,17550000.0,,,False
main:giraffes:unrestricted:baseline:0023,giraffes,unrestricted,baseline,55000000,17550000.0,,,False
main:giraffes:unrestricted:baseline:0025,giraffes,unrestricted,baseline,17880000,17550000.0,,,False
main:giraffes:unrestricted:baseline:0026,giraffes,unrestricted,baseline,41000000,17550000.0,,,False
main:giraffes:unrestricted:baseline:0027,giraffes,unrestricted,baseline,6440000,17550000.0,,,False
main:giraffes:unrestricted:baseline:0024,giraffes,unrestricted,baseline,15400000,17550000.0,,,False
main:giraffes:unrestricted:baseline:0030,giraffes,unrestricted,baseline,16700000,17550000.0,,,False
main:giraffes:unrestricted:baseline:0028,giraffes,unrestricted,baseline,8000000,17550000.0,,,False
main:giraffes:unrestricted:baseline:0032,giraffes,unrestricted,baseline,21755000,17550000.0,,,False
main:giraffes:unrestricted:baseline:0033,giraffes,unrestricted,baseline,6016000,17550000.0,,,False
main:giraffes:unrestricted:baseline:0034,giraffes,unrestricted,baseline,7500000,17550000.0,,,False
main:giraffes:unrestricted:baseline:0029,giraffes,unrestricted,baseline,24000000,17550000.0,,,False
main:giraffes:unrestricted:baseline:0035,giraffes,unrestricted,baseline,22000000,17550000.0,,,False
main:giraffes:unrestricted:baseline:0036,giraffes,unrestricted,baseline,19600000,17550000.0,,,False
main:giraffes:unrestricted:baseline:0031,giraffes,unrestricted,baseline,20500000,17550000.0,,,False
main:giraffes:unrestricted:baseline:0038,giraffes,unrestricted,baseline,12500000,17550000.0,,,False
main:giraffes:unrestricted:baseline:0039,giraffes,unrestricted,baseline,17550000,17550000.0,,,False
main:giraffes:unrestricted:baseline:0040,giraffes,unrestricted,baseline,12000000,17550000.0,,,False
main:giraffes:unrestricted:baseline:0041,giraffes,unrestricted,baseline,5200000,17550000.0,,,False
main:giraffes:unrestricted:baseline:0043,giraffes,unrestricted,baseline,20420400,17550000.0,,,False
main:giraffes:unrestricted:baseline:0037,giraffes,unrestricted,baseline,15000000,17550000.0,,,False
main:giraffes:unrestricted:baseline:0042,giraffes,unrestricted,baseline,9730000,17550000.0,,,False
main:giraffes:unrestricted:baseline:0044,giraffes,unrestricted,baseline,17376600,17550000.0,,,False
main:giraffes:unrestricted:baseline:0047,giraffes,unrestricted,baseline,5600000,17550000.0,,,False
main:giraffes:unrestricted:baseline:0045,giraffes,unrestricted,baseline,17500000,17550000.0,,,False
main:giraffes:unrestricted:baseline:0048,giraffes,unrestricted,baseline,22774000,17550000.0,,,False
main:giraffes:unrestricted:baseline:0049,giraffes,unrestricted,baseline,23400000,17550000.0,,,False
main:giraffes:unrestricted:baseline:0046,giraffes,unrestricted,baseline,15170400,17550000.0,,,False
main:giraffes:unrestricted:above_good:0001,giraffes,unrestricted,above_good,18290000,17550000.0,,,False
main:giraffes:unrestricted:above_good:0000,giraffes,unrestricted,above_good,187200000,17550000.0,,,False
main:giraffes:unrestricted:above_good:0003,giraffes,unrestricted,above_good,16950000,17550000.0,,,False
main:giraffes:unrestricted:above_good:0006,giraffes,unrestricted,above_good,42000000,17550000.0,,,False
main:giraffes:unrestricted:above_good:0002,giraffes,unrestricted,above_good,23400000,17550000.0,,,False
main:giraffes:unrestricted:above_good:0007,giraffes,unrestricted,above_good,23400000,17550000.0,,,False
main:giraffes:unrestricted:above_good:0004,giraffes,unrestricted,above_good,17250000,17550000.0,,,False
main:giraffes:unrestricted:above_good:0009,giraffes,unrestricted,above_good,17790000,17550000.0,,,False
main:giraffes:unrestricted:above_good:0008,giraffes,unrestricted,above_good,18720000,17550000.0,,,False
main:giraffes:unrestricted:above_good:0011,giraffes,unrestricted,above_good,17550000,17550000.0,,,False
main:giraffes:unrestricted:above_good:0010,giraffes,unrestricted,above_good,43650000,17550000.0,,,False
main:giraffes:unrestricted:above_good:0012,giraffes,unrestricted,above_good,17550000,17550000.0,,,False
main:giraffes:unrestricted:above_good:0005,giraffes,unrestricted,above_good,18720000,17550000.0,,,False
main:giraffes:unrestricted:above_good:0013,giraffes,unrestricted,above_good,17915000,17550000.0,,,False
main:giraffes:unrestricted:above_good:0015,giraffes,unrestricted,above_good,24570000,17550000.0,,,False
main:giraffes:unrestricted:above_good:0016,giraffes,unrestricted,above_good,25200000,17550000.0,,,False
main:giraffes:unrestricted:above_good:0014,giraffes,unrestricted,above_good,21870000,17550000.0,,,False
main:giraffes:unrestricted:above_good:0017,giraffes,unrestricted,above_good,20800000,17550000.0,,,False
main:giraffes:unrestricted:above_good:0018,giraffes,unrestricted,above_good,17667000,17550000.0,,,False
main:giraffes:unrestricted:above_good:0019,giraffes,unrestricted,above_good,14040000,17550000.0,,,False
main:giraffes:unrestricted:above_good:0022,giraffes,unrestricted,above_good,23000000,17550000.0,,,False
main:giraffes:unrestricted:above_good:0021,giraffes,unrestricted,above_good,23400000,17550000.0,,,False
main:giraffes:unrestricted:above_good:0020,giraffes,unrestricted,above_good,19900000,17550000.0,,,False
main:giraffes:unrestricted:above_good:0023,giraffes,unrestricted,above_good,21240000,17550000.0,,,False
main:giraffes:unrestricted:above_good:0025,giraffes,unrestricted,above_good,17640000,17550000.0,,,False
main:giraffes:unrestricted:above_good:0024,giraffes,unrestricted,above_good,18135000,17550000.0,,,False
main:giraffes:unrestricted:above_good:0026,giraffes,unrestricted,above_good,13455000,17550000.0,,,False
main:giraffes:unrestricted:above_good:0029,giraffes,unrestricted,above_good,36000000,17550000.0,,,False
main:giraffes:unrestricted:above_good:0027,giraffes,unrestricted,above_good,11700000,17550000.0,,,False
main:giraffes:unrestricted:above_good:0031,giraffes,unrestricted,above_good,21060000,17550000.0,,,False
main:giraffes:unrestricted:above_good:0028,giraffes,unrestricted,above_good,18150000,17550000.0,,,False
main:giraffes:unrestricted:above_good:0030,giraffes,unrestricted,above_good,21150000,17550000.0,,,False
main:giraffes:unrestricted:above_good:0035,giraffes,unrestricted,above_good,20800000,17550000.0,,,False
main:giraffes:unrestricted:above_good:0034,giraffes,unrestricted,above_good,17550000,17550000.0,,,False
main:giraffes:unrestricted:above_good:0036,giraffes,unrestricted,above_good,23400000,17550000.0,,,False
main:giraffes:unrestricted:above_good:0037,giraffes,unrestricted,above_good,17480000,17550000.0,,,False
main:giraffes:unrestricted:above_good:0032,giraffes,unrestricted,above_good,23400000,17550000.0,,,False
main:giraffes:unrestricted:above_good:0039,giraffes,unrestricted,above_good,5100000,17550000.0,,,False
main:giraffes:unrestricted:above_good:0038,giraffes,unrestricted,above_good,70200000,17550000.0,,,False
main:giraffes:unrestricted:above_good:0033,giraffes,unrestricted,above_good,14200000,17550000.0,,,False
main:giraffes:unrestricted:above_good:0041,giraffes,unrestricted,above_good,30000000,17550000.0,,,False
main:giraffes:unrestricted:above_good:0042,giraffes,unrestricted,above_good,9835500,17550000.0,,,False
main:giraffes:unrestricted:above_good:0043,giraffes,unrestricted,above_good,24000000,17550000.0,,,False
main:giraffes:unrestricted:above_good:0040,giraffes,unrestricted,above_good,21402000,17550000.0,,,False
main:giraffes:unrestricted:above_good:0044,giraffes,unrestricted,above_good,18400000,17550000.0,,,False
main:giraffes:unrestricted:above_good:0045,giraffes,unrestricted,above_good,26463000,17550000.0,,,False
main:giraffes:unrestricted:above_good:0047,giraffes,unrestricted,above_good,17600000,17550000.0,,,False
main:giraffes:unrestricted:above_good:0048,giraffes,unrestricted,above_good,76050000,17550000.0,,,False
main:giraffes:unrestricted:above_good:0049,giraffes,unrestricted,above_good,21060000,17550000.0,,,False
main:giraffes:unrestricted:above_good:0046,giraffes,unrestricted,above_good,18750000,17550000.0,,,False
main:giraffes:unrestricted:below_good:0000,giraffes,unrestricted,below_good,11500000,17550000.0,,,False
main:giraffes:unrestricted:below_good:0004,giraffes,unrestricted,below_good,17550000,17550000.0,,,False
main:giraffes:unrestricted:below_good:0003,giraffes,unrestricted,below_good,17500000,17550000.0,,,False
main:giraffes:unrestricted:below_good:0002,giraffes,unrestricted,below_good,14300000,17550000.0,,,False
main:giraffes:unrestricted:below_good:0001,giraffes,unrestricted,below_good,15600000,17550000.0,,,False
main:giraffes:unrestricted:below_good:0006,giraffes,unrestricted,below_good,17199000,17550000.0,,,False
main:giraffes:unrestricted:below_good:0005,giraffes,unrestricted,below_good,16000000,17550000.0,,,False
main:giraffes:unrestricted:below_good:0008,giraffes,unrestricted,below_good,17550000,17550000.0,,,False
main:giraffes:unrestricted:below_good:0007,giraffes,unrestricted,below_good,21060000,17550000.0,,,False
main:giraffes:unrestricted:below_good:0010,giraffes,unrestricted,below_good,4160000,17550000.0,,,False
main:giraffes:unrestricted:below_good:0011,giraffes,unrestricted,below_good,23400000,17550000.0,,,False
main:giraffes:unrestricted:below_good:0012,giraffes,unrestricted,below_good,17360000,17550000.0,,,False
main:giraffes:unrestricted:below_good:0009,giraffes,unrestricted,below_good,18135000,17550000.0,,,False
main:giraffes:unrestricted:below_good:0013,giraffes,unrestricted,below_good,14065600,17550000.0,,,False
main:giraffes:unrestricted:below_good:0014,giraffes,unrestricted,below_good,17980000,17550000.0,,,False
main:giraffes:unrestricted:below_good:0015,giraffes,unrestricted,below_good,18135000,17550000.0,,,False
main:giraffes:unrestricted:below_good:0017,giraffes,unrestricted,below_good,13300000,17550000.0,,,False
main:giraffes:unrestricted:below_good:0018,giraffes,unrestricted,below_good,17250000,17550000.0,,,False
main:giraffes:unrestricted:below_good:0019,giraffes,unrestricted,below_good,17550000,17550000.0,,,False
main:giraffes:unrestricted:below_good:0016,giraffes,unrestricted,below_good,17330000,17550000.0,,,False
main:giraffes:unrestricted:below_good:0021,giraffes,unrestricted,below_good,21060000,17550000.0,,,False
main:giraffes:unrestricted:below_good:0023,giraffes,unrestricted,below_good,14100000,17550000.0,,,False
main:giraffes:unrestricted:below_good:0022,giraffes,unrestricted,below_good,16700000,17550000.0,,,False
main:giraffes:unrestricted:below_good:0020,giraffes,unrestricted,below_good,22230000,17550000.0,,,False
main:giraffes:unrestricted:below_good:0024,giraffes,unrestricted,below_good,17550000,17550000.0,,,False
main:giraffes:unrestricted:below_good:0025,giraffes,unrestricted,below_good,17550000,17550000.0,,,False
main:giraffes:unrestricted:below_good:0026,giraffes,unrestricted,below_good,17500000,17550000.0,,,False
main:giraffes:unrestricted:below_good:0027,giraffes,unrestricted,below_good,20545000,17550000.0,,,False
main:giraffes:unrestricted:below_good:0029,giraffes,unrestricted,below_good,10530000,17550000.0,,,False
main:giraffes:unrestricted:below_good:0028,giraffes,unrestricted,below_good,10700000,17550000.0,,,False
main:giraffes:unrestricted:below_good:0032,giraffes,unrestricted,below_good,17500000,17550000.0,,,False
main:giraffes:unrestricted:below_good:0030,giraffes,unrestricted,below_good,15600000,17550000.0,,,False
main:giraffes:unrestricted:below_good:0031,giraffes,unrestricted,below_good,16470000,17550000.0,,,False
main:giraffes:unrestricted:below_good:0033,giraffes,unrestricted,below_good,21060000,17550000.0,,,False
main:giraffes:unrestricted:below_good:0035,giraffes,unrestricted,below_good,17500000,17550000.0,,,False
main:giraffes:unrestricted:below_good:0036,giraffes,unrestricted,below_good,20200000,17550000.0,,,False
main:giraffes:unrestricted:below_good:0034,giraffes,unrestricted,below_good,23000000,17550000.0,,,False
main:giraffes:unrestricted:below_good:0037,giraffes,unrestricted,below_good,17550000,17550000.0,,,False
main:giraffes:unrestricted:below_good:0041,giraffes,unrestricted,below_good,0,17550000.0,,,False
main:giraffes:unrestricted:below_good:0039,giraffes,unrestricted,below_good,17960000,17550000.0,,,False
main:giraffes:unrestricted:below_good:0038,giraffes,unrestricted,below_good,18135000,17550000.0,,,False
main:giraffes:unrestricted:below_good:0040,giraffes,unrestricted,below_good,18486000,17550000.0,,,False
main:giraffes:unrestricted:below_good:0042,giraffes,unrestricted,below_good,16400000,17550000.0,,,False
main:giraffes:unrestricted:below_good:0043,giraffes,unrestricted,below_good,17550000,17550000.0,,,False
main:giraffes:unrestricted:below_good:0045,giraffes,unrestricted,below_good,12300000,17550000.0,,,False
main:giraffes:unrestricted:below_good:0046,giraffes,unrestricted,below_good,14900000,17550000.0,,,False
main:giraffes:unrestricted:below_good:0047,giraffes,unrestricted,below_good,4250000,17550000.0,,,False
main:giraffes:unrestricted:below_good:0044,giraffes,unrestricted,below_good,17500000,17550000.0,,,False
main:giraffes:unrestricted:below_good:0049,giraffes,unrestricted,below_good,17550000,17550000.0,,,False
main:giraffes:unrestricted:below_good:0048,giraffes,unrestricted,below_good,13800000,17550000.0,,,False
main:giraffes:bounded:baseline:0001,giraffes,bounded,baseline,11250000,17550000.0,8775000,26325000,False
main:giraffes:bounded:baseline:0004,giraffes,bounded,baseline,23000000,17550000.0,8775000,26325000,False
main:giraffes:bounded:baseline:0000,giraffes,bounded,baseline,18486000,17550000.0,8775000,26325000,False
main:giraffes:bounded:baseline:0003,giraffes,bounded,baseline,20475000,17550000.0,8775000,26325000,False
main:giraffes:bounded:baseline:0006,giraffes,bounded,baseline,17550000,17550000.0,8775000,26325000,False
main:giraffes:bounded:baseline:0002,giraffes,bounded,baseline,10500000,17550000.0,8775000,26325000,False
main:giraffes:bounded:baseline:0007,giraffes,bounded,baseline,17550000,17550000.0,8775000,26325000,False
main:giraffes:bounded:baseline:0005,giraffes,bounded,baseline,17850000,17550000.0,8775000,26325000,False
main:giraffes:bounded:baseline:0009,giraffes,bounded,baseline,15970500,17550000.0,8775000,26325000,False
main:giraffes:bounded:baseline:0010,giraffes,bounded,baseline,17550000,17550000.0,8775000,26325000,False
main:giraffes:bounded:baseline:0008,giraffes,bounded,baseline,19500000,17550000.0,8775000,26325000,False
main:giraffes:bounded:baseline:0014,giraffes,bounded,baseline,19200000,17550000.0,8775000,26325000,False
main:giraffes:bounded:baseline:0013,giraffes,bounded,baseline,14250000,17550000.0,8775000,26325000,False
main:giraffes:bounded:baseline:0016,giraffes,bounded,baseline,16100000,17550000.0,8775000,26325000,False
main:giraffes:bounded:baseline:0012,giraffes,bounded,baseline,11408000,17550000.0,8775000,26325000,False
main:giraffes:bounded:baseline:0011,giraffes,bounded,baseline,14500000,17550000.0,8775000,26325000,False
main:giraffes:bounded:baseline:0015,giraffes,bounded,baseline,12636000,17550000.0,8775000,26325000,False
main:giraffes:bounded:baseline:0017,giraffes,bounded,baseline,18720000,17550000.0,8775000,26325000,False
main:giraffes:bounded:baseline:0019,giraffes,bounded,baseline,9450000,17550000.0,8775000,26325000,False
main:giraffes:bounded:baseline:0020,giraffes,bounded,baseline,14950000,17550000.0,8775000,26325000,False
main:giraffes:bounded:baseline:0018,giraffes,bounded,baseline,23400000,17550000.0,8775000,26325000,False
main:giraffes:bounded:baseline:0022,giraffes,bounded,baseline,20562500,17550000.0,8775000,26325000,False
main:giraffes:bounded:baseline:0021,giraffes,bounded,baseline,18200000,17550000.0,8775000,26325000,False
main:giraffes:bounded:baseline:0023,giraffes,bounded,baseline,24780000,17550000.0,8775000,26325000,False
main:giraffes:bounded:baseline:0025,giraffes,bounded,baseline,20800000,17550000.0,8775000,26325000,False
main:giraffes:bounded:baseline:0028,giraffes,bounded,baseline,12750000,17550000.0,8775000,26325000,False
main:giraffes:bounded:baseline:0026,giraffes,bounded,baseline,21650000,17550000.0,8775000,26325000,False
main:giraffes:bounded:baseline:0027,giraffes,bounded,baseline,18522500,17550000.0,8775000,26325000,False
main:giraffes:bounded:baseline:0031,giraffes,bounded,baseline,20475000,17550000.0,8775000,26325000,False
main:giraffes:bounded:baseline:0030,giraffes,bounded,baseline,11200000,17550000.0,8775000,26325000,False
main:giraffes:bounded:baseline:0029,giraffes,bounded,baseline,20160000,17550000.0,8775000,26325000,False
main:giraffes:bounded:baseline:0034,giraffes,bounded,baseline,16500000,17550000.0,8775000,26325000,False
main:giraffes:bounded:baseline:0033,giraffes,bounded,baseline,17550000,17550000.0,8775000,26325000,False
main:giraffes:bounded:baseline:0024,giraffes,bounded,baseline,18720000,17550000.0,8775000,26325000,False
main:giraffes:bounded:baseline:0032,giraffes,bounded,baseline,15150000,17550000.0,8775000,26325000,False
main:giraffes:bounded:baseline:0035,giraffes,bounded,baseline,12200000,17550000.0,8775000,26325000,False
main:giraffes:bounded:baseline:0036,giraffes,bounded,baseline,17550000,17550000.0,8775000,26325000,False
main:giraffes:bounded:baseline:0040,giraffes,bounded,baseline,21060000,17550000.0,8775000,26325000,False
main:giraffes:bounded:baseline:0038,giraffes,bounded,baseline,17550000,17550000.0,8775000,26325000,False
main:giraffes:bounded:baseline:0037,giraffes,bounded,baseline,17550000,17550000.0,8775000,26325000,False
main:giraffes:bounded:baseline:0041,giraffes,bounded,baseline,21060000,17550000.0,8775000,26325000,False
main:giraffes:bounded:baseline:0044,giraffes,bounded,baseline,20812000,17550000.0,8775000,26325000,False
main:giraffes:bounded:baseline:0043,giraffes,bounded,baseline,12420000,17550000.0,8775000,26325000,False
main:giraffes:bounded:baseline:0042,giraffes,bounded,baseline,17000000,17550000.0,8775000,26325000,False
main:giraffes:bounded:baseline:0045,giraffes,bounded,baseline,19656000,17550000.0,8775000,26325000,False
main:giraffes:bounded:baseline:0046,giraffes,bounded,baseline,15494000,17550000.0,8775000,26325000,False
main:giraffes:bounded:baseline:0047,giraffes,bounded,baseline,21600000,17550000.0,8775000,26325000,False
main:giraffes:bounded:baseline:0039,giraffes,bounded,baseline,17550000,17550000.0,8775000,26325000,False
main:giraffes:bounded:baseline:0048,giraffes,bounded,baseline,16200000,17550000.0,8775000,26325000,False
main:giraffes:bounded:baseline:0049,giraffes,bounded,baseline,15500000,17550000.0,8775000,26325000,False
main:giraffes:bounded:above_good:0001,giraffes,bounded,above_good,16215000,17550000.0,8775000,26325000,False
main:giraffes:bounded:above_good:0003,giraffes,bounded,above_good,18135000,17550000.0,8775000,26325000,False
main:giraffes:bounded:above_good:0000,giraffes,bounded,above_good,15750000,17550000.0,8775000,26325000,False
main:giraffes:bounded:above_good:0005,giraffes,bounded,above_good,21060000,17550000.0,8775000,26325000,False
main:giraffes:bounded:above_good:0004,giraffes,bounded,above_good,18720000,17550000.0,8775000,26325000,False
main:giraffes:bounded:above_good:0006,giraffes,bounded,above_good,22700000,17550000.0,8775000,26325000,False
main:giraffes:bounded:above_good:0002,giraffes,bounded,above_good,20500000,17550000.0,8775000,26325000,False
main:giraffes:bounded:above_good:0009,giraffes,bounded,above_good,21645000,17550000.0,8775000,26325000,False
main:giraffes:bounded:above_good:0008,giraffes,bounded,above_good,12100000,17550000.0,8775000,26325000,False
main:giraffes:bounded:above_good:0007,giraffes,bounded,above_good,19539000,17550000.0,8775000,26325000,False
main:giraffes:bounded:above_good:0010,giraffes,bounded,above_good,17550000,17550000.0,8775000,26325000,False
main:giraffes:bounded:above_good:0011,giraffes,bounded,above_good,16802500,17550000.0,8775000,26325000,False
main:giraffes:bounded:above_good:0013,giraffes,bounded,above_good,18135000,17550000.0,8775000,26325000,False
main:giraffes:bounded:above_good:0012,giraffes,bounded,above_good,21060000,17550000.0,8775000,26325000,False
main:giraffes:bounded:above_good:0015,giraffes,bounded,above_good,13200000,17550000.0,8775000,26325000,False
main:giraffes:bounded:above_good:0017,giraffes,bounded,above_good,14260000,17550000.0,8775000,26325000,False
main:giraffes:bounded:above_good:0014,giraffes,bounded,above_good,15286700,17550000.0,8775000,26325000,False
main:giraffes:bounded:above_good:0016,giraffes,bounded,above_good,13900000,17550000.0,8775000,26325000,False
main:giraffes:bounded:above_good:0018,giraffes,bounded,above_good,21060000,17550000.0,8775000,26325000,False
main:giraffes:bounded:above_good:0020,giraffes,bounded,above_good,20475000,17550000.0,8775000,26325000,False
main:giraffes:bounded:above_good:0023,giraffes,bounded,above_good,21060000,17550000.0,8775000,26325000,False
main:giraffes:bounded:above_good:0022,giraffes,bounded,above_good,18400000,17550000.0,8775000,26325000,False
main:giraffes:bounded:above_good:0019,giraffes,bounded,above_good,18370000,17550000.0,8775000,26325000,False
main:giraffes:bounded:above_good:0024,giraffes,bounded,above_good,20475000,17550000.0,8775000,26325000,False
main:giraffes:bounded:above_good:0025,giraffes,bounded,above_good,14640000,17550000.0,8775000,26325000,False
main:giraffes:bounded:above_good:0026,giraffes,bounded,above_good,13240000,17550000.0,8775000,26325000,False
main:giraffes:bounded:above_good:0029,giraffes,bounded,above_good,22989000,17550000.0,8775000,26325000,False
main:giraffes:bounded:above_good:0027,giraffes,bounded,above_good,23400000,17550000.0,8775000,26325000,False
main:giraffes:bounded:above_good:0030,giraffes,bounded,above_good,22200000,17550000.0,8775000,26325000,False
main:giraffes:bounded:above_good:0032,giraffes,bounded,above_good,18800000,17550000.0,8775000,26325000,False
main:giraffes:bounded:above_good:0031,giraffes,bounded,above_good,18500000,17550000.0,8775000,26325000,False
main:giraffes:bounded:above_good:0028,giraffes,bounded,above_good,11700000,17550000.0,8775000,26325000,False
main:giraffes:bounded:above_good:0034,giraffes,bounded,above_good,18200000,17550000.0,8775000,26325000,False
main:giraffes:bounded:above_good:0033,giraffes,bounded,above_good,18200000,17550000.0,8775000,26325000,False
main:giraffes:bounded:above_good:0036,giraffes,bounded,above_good,17550000,17550000.0,8775000,26325000,False
main:giraffes:bounded:above_good:0037,giraffes,bounded,above_good,24570000,17550000.0,8775000,26325000,False
main:giraffes:bounded:above_good:0038,giraffes,bounded,above_good,14625000,17550000.0,8775000,26325000,False
main:giraffes:bounded:above_good:0040,giraffes,bounded,above_good,16400000,17550000.0,8775000,26325000,False
main:giraffes:bounded:above_good:0035,giraffes,bounded,above_good,23000000,17550000.0,8775000,26325000,False
main:giraffes:bounded:above_good:0041,giraffes,bounded,above_good,19305000,17550000.0,8775000,26325000,False
main:giraffes:bounded:above_good:0042,giraffes,bounded,above_good,20475000,17550000.0,8775000,26325000,False
main:giraffes:bounded:above_good:0044,giraffes,bounded,above_good,13800000,17550000.0,8775000,26325000,False
main:giraffes:bounded:above_good:0039,giraffes,bounded,above_good,20475000,17550000.0,8775000,26325000,False
main:giraffes:bounded:above_good:0043,giraffes,bounded,above_good,18374940,17550000.0,8775000,26325000,False
main:giraffes:bounded:above_good:0047,giraffes,bounded,above_good,15800000,17550000.0,8775000,26325000,False
main:giraffes:bounded:above_good:0048,giraffes,bounded,above_good,17500000,17550000.0,8775000,26325000,False
main:giraffes:bounded:above_good:0046,giraffes,bounded,above_good,18792000,17550000.0,8775000,26325000,False
main:giraffes:bounded:above_good:0049,giraffes,bounded,above_good,19532000,17550000.0,8775000,26325000,False
main:giraffes:bounded:above_good:0045,giraffes,bounded,above_good,18000000,17550000.0,8775000,26325000,False
main:giraffes:bounded:below_good:0003,giraffes,bounded,below_good,14274000,17550000.0,8775000,26325000,False
main:giraffes:bounded:below_good:0002,giraffes,bounded,below_good,21650000,17550000.0,8775000,26325000,False
main:giraffes:bounded:below_good:0000,giraffes,bounded,below_good,16032400,17550000.0,8775000,26325000,False
main:giraffes:bounded:below_good:0001,giraffes,bounded,below_good,21460000,17550000.0,8775000,26325000,False
main:giraffes:bounded:below_good:0004,giraffes,bounded,below_good,17550000,17550000.0,8775000,26325000,False
main:giraffes:bounded:below_good:0008,giraffes,bounded,below_good,20475000,17550000.0,8775000,26325000,False
main:giraffes:bounded:below_good:0006,giraffes,bounded,below_good,19650000,17550000.0,8775000,26325000,False
main:giraffes:bounded:below_good:0007,giraffes,bounded,below_good,17550000,17550000.0,8775000,26325000,False
main:giraffes:bounded:below_good:0005,giraffes,bounded,below_good,23100000,17550000.0,8775000,26325000,False
main:giraffes:bounded:below_good:0009,giraffes,bounded,below_good,18000000,17550000.0,8775000,26325000,False
main:giraffes:bounded:below_good:0010,giraffes,bounded,below_good,17550000,17550000.0,8775000,26325000,False
main:giraffes:bounded:below_good:0014,giraffes,bounded,below_good,16800000,17550000.0,8775000,26325000,False
main:giraffes:bounded:below_good:0013,giraffes,bounded,below_good,17500000,17550000.0,8775000,26325000,False
main:giraffes:bounded:below_good:0012,giraffes,bounded,below_good,10050000,17550000.0,8775000,26325000,False
main:giraffes:bounded:below_good:0011,giraffes,bounded,below_good,17550000,17550000.0,8775000,26325000,False
main:giraffes:bounded:below_good:0016,giraffes,bounded,below_good,19364400,17550000.0,8775000,26325000,False
main:giraffes:bounded:below_good:0015,giraffes,bounded,below_good,16965000,17550000.0,8775000,26325000,False
main:giraffes:bounded:below_good:0020,giraffes,bounded,below_good,21060000,17550000.0,8775000,26325000,False
main:giraffes:bounded:below_good:0019,giraffes,bounded,below_good,17456400,17550000.0,8775000,26325000,False
main:giraffes:bounded:below_good:0021,giraffes,bounded,below_good,18500000,17550000.0,8775000,26325000,False
main:giraffes:bounded:below_good:0017,giraffes,bounded,below_good,9243000,17550000.0,8775000,26325000,False
main:giraffes:bounded:below_good:0018,giraffes,bounded,below_good,14500000,17550000.0,8775000,26325000,False
main:giraffes:bounded:below_good:0023,giraffes,bounded,below_good,17550000,17550000.0,8775000,26325000,False
main:giraffes:bounded:below_good:0024,giraffes,bounded,below_good,19313000,17550000.0,8775000,26325000,False
main:giraffes:bounded:below_good:0022,giraffes,bounded,below_good,20241000,17550000.0,8775000,26325000,False
main:giraffes:bounded:below_good:0025,giraffes,bounded,below_good,16800000,17550000.0,8775000,26325000,False
main:giraffes:bounded:below_good:0026,giraffes,bounded,below_good,16400000,17550000.0,8775000,26325000,False
main:giraffes:bounded:below_good:0029,giraffes,bounded,below_good,16263000,17550000.0,8775000,26325000,False
main:giraffes:bounded:below_good:0027,giraffes,bounded,below_good,16800000,17550000.0,8775000,26325000,False
main:giraffes:bounded:below_good:0028,giraffes,bounded,below_good,18720000,17550000.0,8775000,26325000,False
main:giraffes:bounded:below_good:0030,giraffes,bounded,below_good,17550000,17550000.0,8775000,26325000,False
main:giraffes:bounded:below_good:0031,giraffes,bounded,below_good,17300000,17550000.0,8775000,26325000,False
main:giraffes:bounded:below_good:0033,giraffes,bounded,below_good,19120000,17550000.0,8775000,26325000,False
main:giraffes:bounded:below_good:0035,giraffes,bounded,below_good,22000000,17550000.0,8775000,26325000,False
main:giraffes:bounded:below_good:0034,giraffes,bounded,below_good,18954000,17550000.0,8775000,26325000,False
main:giraffes:bounded:below_good:0032,giraffes,bounded,below_good,18135000,17550000.0,8775000,26325000,False
main:giraffes:bounded:below_good:0036,giraffes,bounded,below_good,18150000,17550000.0,8775000,26325000,False
main:giraffes:bounded:below_good:0039,giraffes,bounded,below_good,20650000,17550000.0,8775000,26325000,False
main:giraffes:bounded:below_good:0040,giraffes,bounded,below_good,15500000,17550000.0,8775000,26325000,False
main:giraffes:bounded:below_good:0038,giraffes,bounded,below_good,10700000,17550000.0,8775000,26325000,False
main:giraffes:bounded:below_good:0042,giraffes,bounded,below_good,21500000,17550000.0,8775000,26325000,False
main:giraffes:bounded:below_good:0037,giraffes,bounded,below_good,22700000,17550000.0,8775000,26325000,False
main:giraffes:bounded:below_good:0041,giraffes,bounded,below_good,20475000,17550000.0,8775000,26325000,False
main:giraffes:bounded:below_good:0044,giraffes,bounded,below_good,15800000,17550000.0,8775000,26325000,False
main:giraffes:bounded:below_good:0045,giraffes,bounded,below_good,17000000,17550000.0,8775000,26325000,False
main:giraffes:bounded:below_good:0046,giraffes,bounded,below_good,12400000,17550000.0,8775000,26325000,False
main:giraffes:bounded:below_good:0043,giraffes,bounded,below_good,15000000,17550000.0,8775000,26325000,False
main:giraffes:bounded:below_good:0048,giraffes,bounded,below_good,13100000,17550000.0,8775000,26325000,False
main:giraffes:bounded:below_good:0049,giraffes,bounded,below_good,14250000,17550000.0,8775000,26325000,False
main:giraffes:bounded:below_good:0047,giraffes,bounded,below_good,17500000,17550000.0,8775000,26325000,False
main:zills:unrestricted:baseline:0003,zills,unrestricted,baseline,500,720.0,,,False
main:zills:unrestricted:baseline:0001,zills,unrestricted,baseline,600,720.0,,,False
main:zills:unrestricted:baseline:0004,zills,unrestricted,baseline,400,720.0,,,False
main:zills:unrestricted:baseline:0002,zills,unrestricted,baseline,600,720.0,,,False
main:zills:unrestricted:baseline:0006,zills,unrestricted,baseline,420,720.0,,,False
main:zills:unrestricted:baseline:0000,zills,unrestricted,baseline,360,720.0,,,False
main:zills:unrestricted:baseline:0005,zills,unrestricted,baseline,1200,720.0,,,False
main:zills:unrestricted:baseline:0008,zills,unrestricted,baseline,1070,720.0,,,False
main:zills:unrestricted:baseline:0007,zills,unrestricted,baseline,990,720.0,,,False
main:zills:unrestricted:baseline:0009,zills,unrestricted,baseline,1000,720.0,,,False
main:zills:unrestricted:baseline:0011,zills,unrestricted,baseline,1050,720.0,,,False
main:zills:unrestricted:baseline:0012,zills,unrestricted,baseline,600,720.0,,,False
main:zills:unrestricted:baseline:0013,zills,unrestricted,baseline,395,720.0,,,False
main:zills:unrestricted:baseline:0014,zills,unrestricted,baseline,850,720.0,,,False
main:zills:unrestricted:baseline:0010,zills,unrestricted,baseline,750,720.0,,,False
main:zills:unrestricted:baseline:0017,zills,unrestricted,baseline,920,720.0,,,False
main:zills:unrestricted:baseline:0016,zills,unrestricted,baseline,1050,720.0,,,False
main:zills:unrestricted:baseline:0015,zills,unrestricted,baseline,1150,720.0,,,False
main:zills:unrestricted:baseline:0019,zills,unrestricted,baseline,600,720.0,,,False
main:zills:unrestricted:baseline:0020,zills,unrestricted,baseline,480,720.0,,,False
main:zills:unrestricted:baseline:0022,zills,unrestricted,baseline,1200,720.0,,,False
main:zills:unrestricted:baseline:0021,zills,unrestricted,baseline,650,720.0,,,False
main:zills:unrestricted:baseline:0018,zills,unrestricted,baseline,1400,720.0,,,False
main:zills:unrestricted:baseline:0024,zills,unrestricted,baseline,750,720.0,,,False
main:zills:unrestricted:baseline:0023,zills,unrestricted,baseline,350,720.0,,,False
main:zills:unrestricted:baseline:0027,zills,unrestricted,baseline,720,720.0,,,False
main:zills:unrestricted:baseline:0025,zills,unrestricted,baseline,950,720.0,,,False
main:zills:unrestricted:baseline:0029,zills,unrestricted,baseline,720,720.0,,,False
main:zills:unrestricted:baseline:0026,zills,unrestricted,baseline,600,720.0,,,False
main:zills:unrestricted:baseline:0031,zills,unrestricted,baseline,670,720.0,,,False
main:zills:unrestricted:baseline:0030,zills,unrestricted,baseline,600,720.0,,,False
main:zills:unrestricted:baseline:0028,zills,unrestricted,baseline,1100,720.0,,,False
main:zills:unrestricted:baseline:0032,zills,unrestricted,baseline,900,720.0,,,False
main:zills:unrestricted:baseline:0033,zills,unrestricted,baseline,450,720.0,,,False
main:zills:unrestricted:baseline:0034,zills,unrestricted,baseline,425,720.0,,,False
main:zills:unrestricted:baseline:0036,zills,unrestricted,baseline,500,720.0,,,False
main:zills:unrestricted:baseline:0037,zills,unrestricted,baseline,750,720.0,,,False
main:zills:unrestricted:baseline:0038,zills,unrestricted,baseline,1000,720.0,,,False
main:zills:unrestricted:baseline:0039,zills,unrestricted,baseline,600,720.0,,,False
main:zills:unrestricted:baseline:0041,zills,unrestricted,baseline,720,720.0,,,False
main:zills:unrestricted:baseline:0040,zills,unrestricted,baseline,250,720.0,,,False
main:zills:unrestricted:baseline:0042,zills,unrestricted,baseline,330,720.0,,,False
main:zills:unrestricted:baseline:0045,zills,unrestricted,baseline,850,720.0,,,False
main:zills:unrestricted:baseline:0043,zills,unrestricted,baseline,800,720.0,,,False
main:zills:unrestricted:baseline:0044,zills,unrestricted,baseline,1000,720.0,,,False
main:zills:unrestricted:baseline:0035,zills,unrestricted,baseline,875,720.0,,,False
main:zills:unrestricted:baseline:0047,zills,unrestricted,baseline,750,720.0,,,False
main:zills:unrestricted:baseline:0048,zills,unrestricted,baseline,520,720.0,,,False
main:zills:unrestricted:baseline:0046,zills,unrestricted,baseline,1100,720.0,,,False
main:zills:unrestricted:baseline:0049,zills,unrestricted,baseline,600,720.0,,,False
main:zills:unrestricted:above_good:0002,zills,unrestricted,above_good,1500,720.0,,,False
main:zills:unrestricted:above_good:0001,zills,unrestricted,above_good,718,720.0,,,False
main:zills:unrestricted:above_good:0000,zills,unrestricted,above_good,695,720.0,,,False
main:zills:unrestricted:above_good:0004,zills,unrestricted,above_good,730,720.0,,,False
main:zills:unrestricted:above_good:0003,zills,unrestricted,above_good,718,720.0,,,False
main:zills:unrestricted:above_good:0005,zills,unrestricted,above_good,750,720.0,,,False
main:zills:unrestricted:above_good:0006,zills,unrestricted,above_good,740,720.0,,,False
main:zills:unrestricted:above_good:0007,zills,unrestricted,above_good,720,720.0,,,False
main:zills:unrestricted:above_good:0010,zills,unrestricted,above_good,500,720.0,,,False
main:zills:unrestricted:above_good:0009,zills,unrestricted,above_good,720,720.0,,,False
main:zills:unrestricted:above_good:0011,zills,unrestricted,above_good,738,720.0,,,False
main:zills:unrestricted:above_good:0008,zills,unrestricted,above_good,730,720.0,,,False
main:zills:unrestricted:above_good:0013,zills,unrestricted,above_good,678,720.0,,,False
main:zills:unrestricted:above_good:0012,zills,unrestricted,above_good,684,720.0,,,False
main:zills:unrestricted:above_good:0014,zills,unrestricted,above_good,700,720.0,,,False
main:zills:unrestricted:above_good:0015,zills,unrestricted,above_good,730,720.0,,,False
main:zills:unrestricted:above_good:0018,zills,unrestricted,above_good,760,720.0,,,False
main:zills:unrestricted:above_good:0017,zills,unrestricted,above_good,500,720.0,,,False
main:zills:unrestricted:above_good:0019,zills,unrestricted,above_good,820,720.0,,,False
main:zills:unrestricted:above_good:0020,zills,unrestricted,above_good,750,720.0,,,False
main:zills:unrestricted:above_good:0016,zills,unrestricted,above_good,718,720.0,,,False
main:zills:unrestricted:above_good:0021,zills,unrestricted,above_good,715,720.0,,,False
main:zills:unrestricted:above_good:0023,zills,unrestricted,above_good,780,720.0,,,False
main:zills:unrestricted:above_good:0022,zills,unrestricted,above_good,740,720.0,,,False
main:zills:unrestricted:above_good:0025,zills,unrestricted,above_good,750,720.0,,,False
main:zills:unrestricted:above_good:0024,zills,unrestricted,above_good,724,720.0,,,False
main:zills:unrestricted:above_good:0026,zills,unrestricted,above_good,650,720.0,,,False
main:zills:unrestricted:above_good:0028,zills,unrestricted,above_good,720,720.0,,,False
main:zills:unrestricted:above_good:0030,zills,unrestricted,above_good,785,720.0,,,False
main:zills:unrestricted:above_good:0031,zills,unrestricted,above_good,800,720.0,,,False
main:zills:unrestricted:above_good:0032,zills,unrestricted,above_good,820,720.0,,,False
main:zills:unrestricted:above_good:0034,zills,unrestricted,above_good,700,720.0,,,False
main:zills:unrestricted:above_good:0029,zills,unrestricted,above_good,716,720.0,,,False
main:zills:unrestricted:above_good:0035,zills,unrestricted,above_good,740,720.0,,,False
main:zills:unrestricted:above_good:0027,zills,unrestricted,above_good,680,720.0,,,False
main:zills:unrestricted:above_good:0038,zills,unrestricted,above_good,720,720.0,,,False
main:zills:unrestricted:above_good:0037,zills,unrestricted,above_good,713,720.0,,,False
main:zills:unrestricted:above_good:0036,zills,unrestricted,above_good,701,720.0,,,False
main:zills:unrestricted:above_good:0033,zills,unrestricted,above_good,714,720.0,,,False
main:zills:unrestricted:above_good:0041,zills,unrestricted,above_good,712,720.0,,,False
main:zills:unrestricted:above_good:0039,zills,unrestricted,above_good,740,720.0,,,False
main:zills:unrestricted:above_good:0040,zills,unrestricted,above_good,715,720.0,,,False
main:zills:unrestricted:above_good:0042,zills,unrestricted,above_good,1375,720.0,,,False
main:zills:unrestricted:above_good:0045,zills,unrestricted,above_good,710,720.0,,,False
main:zills:unrestricted:above_good:0046,zills,unrestricted,above_good,765,720.0,,,False
main:zills:unrestricted:above_good:0044,zills,unrestricted,above_good,698,720.0,,,False
main:zills:unrestricted:above_good:0043,zills,unrestricted,above_good,625,720.0,,,False
main:zills:unrestricted:above_good:0047,zills,unrestricted,above_good,580,720.0,,,False
main:zills:unrestricted:above_good:0048,zills,unrestricted,above_good,685,720.0,,,False
main:zills:unrestricted:above_good:0049,zills,unrestricted,above_good,680,720.0,,,False
main:zills:unrestricted:below_good:0001,zills,unrestricted,below_good,650,720.0,,,False
main:zills:unrestricted:below_good:0002,zills,unrestricted,below_good,620,720.0,,,False
main:zills:unrestricted:below_good:0000,zills,unrestricted,below_good,640,720.0,,,False
main:zills:unrestricted:below_good:0003,zills,unrestricted,below_good,670,720.0,,,False
main:zills:unrestricted:below_good:0005,zills,unrestricted,below_good,640,720.0,,,False
main:zills:unrestricted:below_good:0006,zills,unrestricted,below_good,680,720.0,,,False
main:zills:unrestricted:below_good:0008,zills,unrestricted,below_good,705,720.0,,,False
main:zills:unrestricted:below_good:0007,zills,unrestricted,below_good,735,720.0,,,False
main:zills:unrestricted:below_good:0004,zills,unrestricted,below_good,680,720.0,,,False
main:zills:unrestricted:below_good:0009,zills,unrestricted,below_good,710,720.0,,,False
main:zills:unrestricted:below_good:0011,zills,unrestricted,below_good,718,720.0,,,False
main:zills:unrestricted:below_good:0010,zills,unrestricted,below_good,600,720.0,,,False
main:zills:unrestricted:below_good:0014,zills,unrestricted,below_good,715,720.0,,,False
main:zills:unrestricted:below_good:0015,zills,unrestricted,below_good,720,720.0,,,False
main:zills:unrestricted:below_good:0013,zills,unrestricted,below_good,720,720.0,,,False
main:zills:unrestricted:below_good:0012,zills,unrestricted,below_good,320,720.0,,,False
main:zills:unrestricted:below_good:0016,zills,unrestricted,below_good,702,720.0,,,False
main:zills:unrestricted:below_good:0017,zills,unrestricted,below_good,690,720.0,,,False
main:zills:unrestricted:below_good:0019,zills,unrestricted,below_good,520,720.0,,,False
main:zills:unrestricted:below_good:0018,zills,unrestricted,below_good,718,720.0,,,False
main:zills:unrestricted:below_good:0020,zills,unrestricted,below_good,550,720.0,,,False
main:zills:unrestricted:below_good:0023,zills,unrestricted,below_good,700,720.0,,,False
main:zills:unrestricted:below_good:0022,zills,unrestricted,below_good,450,720.0,,,False
main:zills:unrestricted:below_good:0021,zills,unrestricted,below_good,718,720.0,,,False
main:zills:unrestricted:below_good:0025,zills,unrestricted,below_good,710,720.0,,,False
main:zills:unrestricted:below_good:0024,zills,unrestricted,below_good,400,720.0,,,False
main:zills:unrestricted:below_good:0026,zills,unrestricted,below_good,735,720.0,,,False
main:zills:unrestricted:below_good:0027,zills,unrestricted,below_good,680,720.0,,,False
main:zills:unrestricted:below_good:0029,zills,unrestricted,below_good,712,720.0,,,False
main:zills:unrestricted:below_good:0030,zills,unrestricted,below_good,710,720.0,,,False
main:zills:unrestricted:below_good:0031,zills,unrestricted,below_good,690,720.0,,,False
main:zills:unrestricted:below_good:0028,zills,unrestricted,below_good,340,720.0,,,False
main:zills:unrestricted:below_good:0034,zills,unrestricted,below_good,680,720.0,,,False
main:zills:unrestricted:below_good:0032,zills,unrestricted,below_good,660,720.0,,,False
main:zills:unrestricted:below_good:0033,zills,unrestricted,below_good,680,720.0,,,False
main:zills:unrestricted:below_good:0036,zills,unrestricted,below_good,725,720.0,,,False
main:zills:unrestricted:below_good:0035,zills,unrestricted,below_good,712,720.0,,,False
main:zills:unrestricted:below_good:0039,zills,unrestricted,below_good,720,720.0,,,False
main:zills:unrestricted:below_good:0038,zills,unrestricted,below_good,950,720.0,,,False
main:zills:unrestricted:below_good:0037,zills,unrestricted,below_good,710,720.0,,,False
main:zills:unrestricted:below_good:0042,zills,unrestricted,below_good,680,720.0,,,False
main:zills:unrestricted:below_good:0041,zills,unrestricted,below_good,680,720.0,,,False
main:zills:unrestricted:below_good:0043,zills,unrestricted,below_good,718,720.0,,,False
main:zills:unrestricted:below_good:0045,zills,unrestricted,below_good,700,720.0,,,False
main:zills:unrestricted:below_good:0047,zills,unrestricted,below_good,580,720.0,,,False
main:zills:unrestricted:below_good:0044,zills,unrestricted,below_good,656,720.0,,,False
main:zills:unrestricted:below_good:0046,zills,unrestricted,below_good,655,720.0,,,False
main:zills:unrestricted:below_good:0040,zills,unrestricted,below_good,695,720.0,,,False
main:zills:unrestricted:below_good:0049,zills,unrestricted,below_good,705,720.0,,,False
main:zills:unrestricted:below_good:0048,zills,unrestricted,below_good,715,720.0,,,False
main:zills:bounded:baseline:0002,zills,bounded,baseline,640,720.0,360,1080,False
main:zills:bounded:baseline:0003,zills,bounded,baseline,840,720.0,360,1080,False
main:zills:bounded:baseline:0001,zills,bounded,baseline,825,720.0,360,1080,False
main:zills:bounded:baseline:0000,zills,bounded,baseline,720,720.0,360,1080,False
main:zills:bounded:baseline:0004,zills,bounded,baseline,780,720.0,360,1080,False
main:zills:bounded:baseline:0006,zills,bounded,baseline,780,720.0,360,1080,False
main:zills:bounded:baseline:0005,zills,bounded,baseline,780,720.0,360,1080,False
main:zills:bounded:baseline:0010,zills,bounded,baseline,720,720.0,360,1080,False
main:zills:bounded:baseline:0009,zills,bounded,baseline,750,720.0,360,1080,False
main:zills:bounded:baseline:0007,zills,bounded,baseline,850,720.0,360,1080,False
main:zills:bounded:baseline:0011,zills,bounded,baseline,810,720.0,360,1080,False
main:zills:bounded:baseline:0012,zills,bounded,baseline,720,720.0,360,1080,False
main:zills:bounded:baseline:0008,zills,bounded,baseline,720,720.0,360,1080,False
main:zills:bounded:baseline:0013,zills,bounded,baseline,720,720.0,360,1080,False
main:zills:bounded:baseline:0014,zills,bounded,baseline,900,720.0,360,1080,False
main:zills:bounded:baseline:0017,zills,bounded,baseline,720,720.0,360,1080,False
main:zills:bounded:baseline:0018,zills,bounded,baseline,780,720.0,360,1080,False
main:zills:bounded:baseline:0016,zills,bounded,baseline,750,720.0,360,1080,False
main:zills:bounded:baseline:0015,zills,bounded,baseline,630,720.0,360,1080,False
main:zills:bounded:baseline:0020,zills,bounded,baseline,630,720.0,360,1080,False
main:zills:bounded:baseline:0019,zills,bounded,baseline,840,720.0,360,1080,False
main:zills:bounded:baseline:0022,zills,bounded,baseline,720,720.0,360,1080,False
main:zills:bounded:baseline:0021,zills,bounded,baseline,548,720.0,360,1080,False
main:zills:bounded:baseline:0023,zills,bounded,baseline,720,720.0,360,1080,False
main:zills:bounded:baseline:0024,zills,bounded,baseline,840,720.0,360,1080,False
main:zills:bounded:baseline:0025,zills,bounded,baseline,920,720.0,360,1080,False
main:zills:bounded:baseline:0028,zills,bounded,baseline,600,720.0,360,1080,False
main:zills:bounded:baseline:0030,zills,bounded,baseline,520,720.0,360,1080,False
main:zills:bounded:baseline:0027,zills,bounded,baseline,640,720.0,360,1080,False
main:zills:bounded:baseline:0026,zills,bounded,baseline,480,720.0,360,1080,False
main:zills:bounded:baseline:0029,zills,bounded,baseline,800,720.0,360,1080,False
main:zills:bounded:baseline:0032,zills,bounded,baseline,680,720.0,360,1080,False
main:zills:bounded:baseline:0031,zills,bounded,baseline,850,720.0,360,1080,False
main:zills:bounded:baseline:0033,zills,bounded,baseline,720,720.0,360,1080,False
main:zills:bounded:baseline:0034,zills,bounded,baseline,720,720.0,360,1080,False
main:zills:bounded:baseline:0035,zills,bounded,baseline,780,720.0,360,1080,False
main:zills:bounded:baseline:0038,zills,bounded,baseline,750,720.0,360,1080,False
main:zills:bounded:baseline:0036,zills,bounded,baseline,600,720.0,360,1080,False
main:zills:bounded:baseline:0037,zills,bounded,baseline,780,720.0,360,1080,False
main:zills:bounded:baseline:0042,zills,bounded,baseline,720,720.0,360,1080,False
main:zills:bounded:baseline:0041,zills,bounded,baseline,720,720.0,360,1080,False
main:zills:bounded:baseline:0040,zills,bounded,baseline,864,720.0,360,1080,False
main:zills:bounded:baseline:0039,zills,bounded,baseline,720,720.0,360,1080,False
main:zills:bounded:baseline:0043,zills,bounded,baseline,720,720.0,360,1080,False
main:zills:bounded:baseline:0046,zills,bounded,baseline,750,720.0,360,1080,False
main:zills:bounded:baseline:0045,zills,bounded,baseline,720,720.0,360,1080,False
main:zills:bounded:baseline:0048,zills,bounded,baseline,720,720.0,360,1080,False
main:zills:bounded:baseline:0047,zills,bounded,baseline,720,720.0,360,1080,False
main:zills:bounded:baseline:0044,zills,bounded,baseline,540,720.0,360,1080,False
main:zills:bounded:baseline:0049,zills,bounded,baseline,780,720.0,360,1080,False
main:zills:bounded:above_good:0001,zills,bounded,above_good,750,720.0,360,1080,False
main:zills:bounded:above_good:0003,zills,bounded,above_good,680,720.0,360,1080,False
main:zills:bounded:above_good:0002,zills,bounded,above_good,720,720.0,360,1080,False
main:zills:bounded:above_good:0000,zills,bounded,above_good,760,720.0,360,1080,False
main:zills:bounded:above_good:0004,zills,bounded,above_good,740,720.0,360,1080,False
main:zills:bounded:above_good:0005,zills,bounded,above_good,735,720.0,360,1080,False
main:zills:bounded:above_good:0007,zills,bounded,above_good,750,720.0,360,1080,False
main:zills:bounded:above_good:0009,zills,bounded,above_good,780,720.0,360,1080,False
main:zills:bounded:above_good:0010,zills,bounded,above_good,728,720.0,360,1080,False
main:zills:bounded:above_good:0008,zills,bounded,above_good,750,720.0,360,1080,False
main:zills:bounded:above_good:0006,zills,bounded,above_good,680,720.0,360,1080,False
main:zills:bounded:above_good:0011,zills,bounded,above_good,745,720.0,360,1080,False
main:zills:bounded:above_good:0014,zills,bounded,above_good,720,720.0,360,1080,False
main:zills:bounded:above_good:0012,zills,bounded,above_good,650,720.0,360,1080,False
main:zills:bounded:above_good:0015,zills,bounded,above_good,780,720.0,360,1080,False
main:zills:bounded:above_good:0013,zills,bounded,above_good,680,720.0,360,1080,False
main:zills:bounded:above_good:0017,zills,bounded,above_good,720,720.0,360,1080,False
main:zills:bounded:above_good:0016,zills,bounded,above_good,650,720.0,360,1080,False
main:zills:bounded:above_good:0019,zills,bounded,above_good,720,720.0,360,1080,False
main:zills:bounded:above_good:0018,zills,bounded,above_good,720,720.0,360,1080,False
main:zills:bounded:above_good:0022,zills,bounded,above_good,800,720.0,360,1080,False
main:zills:bounded:above_good:0021,zills,bounded,above_good,470,720.0,360,1080,False
main:zills:bounded:above_good:0023,zills,bounded,above_good,800,720.0,360,1080,False
main:zills:bounded:above_good:0020,zills,bounded,above_good,720,720.0,360,1080,False
main:zills:bounded:above_good:0025,zills,bounded,above_good,720,720.0,360,1080,False
main:zills:bounded:above_good:0024,zills,bounded,above_good,720,720.0,360,1080,False
main:zills:bounded:above_good:0027,zills,bounded,above_good,750,720.0,360,1080,False
main:zills:bounded:above_good:0026,zills,bounded,above_good,715,720.0,360,1080,False
main:zills:bounded:above_good:0028,zills,bounded,above_good,720,720.0,360,1080,False
main:zills:bounded:above_good:0029,zills,bounded,above_good,720,720.0,360,1080,False
main:zills:bounded:above_good:0031,zills,bounded,above_good,718,720.0,360,1080,False
main:zills:bounded:above_good:0032,zills,bounded,above_good,705,720.0,360,1080,False
main:zills:bounded:above_good:0034,zills,bounded,above_good,750,720.0,360,1080,False
main:zills:bounded:above_good:0033,zills,bounded,above_good,640,720.0,360,1080,False
main:zills:bounded:above_good:0030,zills,bounded,above_good,735,720.0,360,1080,False
main:zills:bounded:above_good:0036,zills,bounded,above_good,680,720.0,360,1080,False
main:zills:bounded:above_good:0038,zills,bounded,above_good,705,720.0,360,1080,False
main:zills:bounded:above_good:0037,zills,bounded,above_good,690,720.0,360,1080,False
main:zills:bounded:above_good:0040,zills,bounded,above_good,750,720.0,360,1080,False
main:zills:bounded:above_good:0035,zills,bounded,above_good,680,720.0,360,1080,False
main:zills:bounded:above_good:0041,zills,bounded,above_good,720,720.0,360,1080,False
main:zills:bounded:above_good:0042,zills,bounded,above_good,730,720.0,360,1080,False
main:zills:bounded:above_good:0043,zills,bounded,above_good,735,720.0,360,1080,False
main:zills:bounded:above_good:0044,zills,bounded,above_good,600,720.0,360,1080,False
main:zills:bounded:above_good:0045,zills,bounded,above_good,540,720.0,360,1080,False
main:zills:bounded:above_good:0046,zills,bounded,above_good,735,720.0,360,1080,False
main:zills:bounded:above_good:0047,zills,bounded,above_good,710,720.0,360,1080,False
main:zills:bounded:above_good:0048,zills,bounded,above_good,650,720.0,360,1080,False
main:zills:bounded:above_good:0049,zills,bounded,above_good,745,720.0,360,1080,False
main:zills:bounded:above_good:0039,zills,bounded,above_good,750,720.0,360,1080,False
main:zills:bounded:below_good:0000,zills,bounded,below_good,640,720.0,360,1080,False
main:zills:bounded:below_good:0001,zills,bounded,below_good,480,720.0,360,1080,False
main:zills:bounded:below_good:0002,zills,bounded,below_good,728,720.0,360,1080,False
main:zills:bounded:below_good:0003,zills,bounded,below_good,720,720.0,360,1080,False
main:zills:bounded:below_good:0005,zills,bounded,below_good,732,720.0,360,1080,False
main:zills:bounded:below_good:0006,zills,bounded,below_good,650,720.0,360,1080,False
main:zills:bounded:below_good:0007,zills,bounded,below_good,525,720.0,360,1080,False
main:zills:bounded:below_good:0008,zills,bounded,below_good,780,720.0,360,1080,False
main:zills:bounded:below_good:0004,zills,bounded,below_good,720,720.0,360,1080,False
main:zills:bounded:below_good:0011,zills,bounded,below_good,760,720.0,360,1080,False
main:zills:bounded:below_good:0010,zills,bounded,below_good,715,720.0,360,1080,False
main:zills:bounded:below_good:0013,zills,bounded,below_good,710,720.0,360,1080,False
main:zills:bounded:below_good:0012,zills,bounded,below_good,630,720.0,360,1080,False
main:zills:bounded:below_good:0015,zills,bounded,below_good,700,720.0,360,1080,False
main:zills:bounded:below_good:0014,zills,bounded,below_good,766,720.0,360,1080,False
main:zills:bounded:below_good:0009,zills,bounded,below_good,620,720.0,360,1080,False
main:zills:bounded:below_good:0017,zills,bounded,below_good,700,720.0,360,1080,False
main:zills:bounded:below_good:0016,zills,bounded,below_good,720,720.0,360,1080,False
main:zills:bounded:below_good:0019,zills,bounded,below_good,600,720.0,360,1080,False
main:zills:bounded:below_good:0020,zills,bounded,below_good,560,720.0,360,1080,False
main:zills:bounded:below_good:0018,zills,bounded,below_good,750,720.0,360,1080,False
main:zills:bounded:below_good:0022,zills,bounded,below_good,720,720.0,360,1080,False
main:zills:bounded:below_good:0024,zills,bounded,below_good,716,720.0,360,1080,False
main:zills:bounded:below_good:0023,zills,bounded,below_good,730,720.0,360,1080,False
main:zills:bounded:below_good:0026,zills,bounded,below_good,780,720.0,360,1080,False
main:zills:bounded:below_good:0025,zills,bounded,below_good,630,720.0,360,1080,False
main:zills:bounded:below_good:0021,zills,bounded,below_good,718,720.0,360,1080,False
main:zills:bounded:below_good:0029,zills,bounded,below_good,720,720.0,360,1080,False
main:zills:bounded:below_good:0028,zills,bounded,below_good,710,720.0,360,1080,False
main:zills:bounded:below_good:0027,zills,bounded,below_good,893,720.0,360,1080,False
main:zills:bounded:below_good:0031,zills,bounded,below_good,690,720.0,360,1080,False
main:zills:bounded:below_good:0034,zills,bounded,below_good,720,720.0,360,1080,False
main:zills:bounded:below_good:0030,zills,bounded,below_good,715,720.0,360,1080,False
main:zills:bounded:below_good:0035,zills,bounded,below_good,650,720.0,360,1080,False
main:zills:bounded:below_good:0037,zills,bounded,below_good,700,720.0,360,1080,False
main:zills:bounded:below_good:0036,zills,bounded,below_good,715,720.0,360,1080,False
main:zills:bounded:below_good:0038,zills,bounded,below_good,680,720.0,360,1080,False
main:zills:bounded:below_good:0039,zills,bounded,below_good,715,720.0,360,1080,False
main:zills:bounded:below_good:0033,zills,bounded,below_good,850,720.0,360,1080,False
main:zills:bounded:below_good:0040,zills,bounded,below_good,750,720.0,360,1080,False
main:zills:bounded:below_good:0041,zills,bounded,below_good,745,720.0,360,1080,False
main:zills:bounded:below_good:0042,zills,bounded,below_good,680,720.0,360,1080,False
main:zills:bounded:below_good:0044,zills,bounded,below_good,720,720.0,360,1080,False
main:zills:bounded:below_good:0043,zills,bounded,below_good,715,720.0,360,1080,False
main:zills:bounded:below_good:0046,zills,bounded,below_good,720,720.0,360,1080,False
main:zills:bounded:below_good:0045,zills,bounded,below_good,840,720.0,360,1080,False
main:zills:bounded:below_good:0047,zills,bounded,below_good,720,720.0,360,1080,False
main:zills:bounded:below_good:0049,zills,bounded,below_good,600,720.0,360,1080,False
main:zills:bounded:below_good:0048,zills,bounded,below_good,680,720.0,360,1080,False
main:bridge:unrestricted:baseline:0003,bridge,unrestricted,baseline,6300000,2353000.0,,,False
main:bridge:unrestricted:baseline:0002,bridge,unrestricted,baseline,1700000,2353000.0,,,False
main:bridge:unrestricted:baseline:0000,bridge,unrestricted,baseline,18720000,2353000.0,,,False
main:bridge:unrestricted:baseline:0005,bridge,unrestricted,baseline,14000000,2353000.0,,,False
main:bridge:unrestricted:baseline:0001,bridge,unrestricted,baseline,180000,2353000.0,,,False
main:bridge:unrestricted:baseline:0006,bridge,unrestricted,baseline,2366000,2353000.0,,,False
main:bridge:unrestricted:baseline:0004,bridge,unrestricted,baseline,1235520,2353000.0,,,False
main:bridge:unrestricted:baseline:0008,bridge,unrestricted,baseline,5500000,2353000.0,,,False
main:bridge:unrestricted:baseline:0007,bridge,unrestricted,baseline,5800000,2353000.0,,,False
main:bridge:unrestricted:baseline:0009,bridge,unrestricted,baseline,4200000,2353000.0,,,False
main:bridge:unrestricted:baseline:0012,bridge,unrestricted,baseline,1440000,2353000.0,,,False
main:bridge:unrestricted:baseline:0011,bridge,unrestricted,baseline,8800000,2353000.0,,,False
main:bridge:unrestricted:baseline:0010,bridge,unrestricted,baseline,175000,2353000.0,,,False
main:bridge:unrestricted:baseline:0014,bridge,unrestricted,baseline,44000000,2353000.0,,,False
main:bridge:unrestricted:baseline:0015,bridge,unrestricted,baseline,55000000,2353000.0,,,False
main:bridge:unrestricted:baseline:0013,bridge,unrestricted,baseline,8800000,2353000.0,,,False
main:bridge:unrestricted:baseline:0016,bridge,unrestricted,baseline,1590400,2353000.0,,,False
main:bridge:unrestricted:baseline:0017,bridge,unrestricted,baseline,600000,2353000.0,,,False
main:bridge:unrestricted:baseline:0018,bridge,unrestricted,baseline,54600000,2353000.0,,,False
main:bridge:unrestricted:baseline:0019,bridge,unrestricted,baseline,1500000,2353000.0,,,False
main:bridge:unrestricted:baseline:0020,bridge,unrestricted,baseline,1630200,2353000.0,,,False
main:bridge:unrestricted:baseline:0021,bridge,unrestricted,baseline,1040000,2353000.0,,,False
main:bridge:unrestricted:baseline:0022,bridge,unrestricted,baseline,20000000,2353000.0,,,False
main:bridge:unrestricted:baseline:0024,bridge,unrestricted,baseline,400000,2353000.0,,,False
main:bridge:unrestricted:baseline:0026,bridge,unrestricted,baseline,1580000,2353000.0,,,False
main:bridge:unrestricted:baseline:0025,bridge,unrestricted,baseline,477000,2353000.0,,,False
main:bridge:unrestricted:baseline:0023,bridge,unrestricted,baseline,2600000,2353000.0,,,False
main:bridge:unrestricted:baseline:0027,bridge,unrestricted,baseline,2340000,2353000.0,,,False
main:bridge:unrestricted:baseline:0029,bridge,unrestricted,baseline,9000000,2353000.0,,,False
main:bridge:unrestricted:baseline:0030,bridge,unrestricted,baseline,149000,2353000.0,,,False
main:bridge:unrestricted:baseline:0032,bridge,unrestricted,baseline,2200000,2353000.0,,,False
main:bridge:unrestricted:baseline:0031,bridge,unrestricted,baseline,318500000,2353000.0,,,False
main:bridge:unrestricted:baseline:0028,bridge,unrestricted,baseline,9750000,2353000.0,,,False
main:bridge:unrestricted:baseline:0034,bridge,unrestricted,baseline,460000,2353000.0,,,False
main:bridge:unrestricted:baseline:0036,bridge,unrestricted,baseline,362000,2353000.0,,,False
main:bridge:unrestricted:baseline:0035,bridge,unrestricted,baseline,1610700,2353000.0,,,False
main:bridge:unrestricted:baseline:0037,bridge,unrestricted,baseline,3100000,2353000.0,,,False
main:bridge:unrestricted:baseline:0038,bridge,unrestricted,baseline,79000000,2353000.0,,,False
main:bridge:unrestricted:baseline:0033,bridge,unrestricted,baseline,5720000,2353000.0,,,False
main:bridge:unrestricted:baseline:0039,bridge,unrestricted,baseline,16400000,2353000.0,,,False
main:bridge:unrestricted:baseline:0040,bridge,unrestricted,baseline,265000,2353000.0,,,False
main:bridge:unrestricted:baseline:0043,bridge,unrestricted,baseline,370000,2353000.0,,,False
main:bridge:unrestricted:baseline:0041,bridge,unrestricted,baseline,8153600,2353000.0,,,False
main:bridge:unrestricted:baseline:0044,bridge,unrestricted,baseline,250000,2353000.0,,,False
main:bridge:unrestricted:baseline:0045,bridge,unrestricted,baseline,1820000,2353000.0,,,False
main:bridge:unrestricted:baseline:0047,bridge,unrestricted,baseline,812500,2353000.0,,,False
main:bridge:unrestricted:baseline:0046,bridge,unrestricted,baseline,11700000,2353000.0,,,False
main:bridge:unrestricted:baseline:0048,bridge,unrestricted,baseline,7300000,2353000.0,,,False
main:bridge:unrestricted:baseline:0049,bridge,unrestricted,baseline,1450000,2353000.0,,,False
main:bridge:unrestricted:baseline:0042,bridge,unrestricted,baseline,24000000,2353000.0,,,False
main:bridge:unrestricted:above_good:0000,bridge,unrestricted,above_good,2280000,2353000.0,,,False
main:bridge:unrestricted:above_good:0001,bridge,unrestricted,above_good,128000,2353000.0,,,False
main:bridge:unrestricted:above_good:0002,bridge,unrestricted,above_good,2353000,2353000.0,,,False
main:bridge:unrestricted:above_good:0003,bridge,unrestricted,above_good,2382315,2353000.0,,,False
main:bridge:unrestricted:above_good:0005,bridge,unrestricted,above_good,4061421,2353000.0,,,False
main:bridge:unrestricted:above_good:0004,bridge,unrestricted,above_good,2341000,2353000.0,,,False
main:bridge:unrestricted:above_good:0006,bridge,unrestricted,above_good,2359500,2353000.0,,,False
main:bridge:unrestricted:above_good:0009,bridge,unrestricted,above_good,2720952,2353000.0,,,False
main:bridge:unrestricted:above_good:0008,bridge,unrestricted,above_good,3346200,2353000.0,,,False
main:bridge:unrestricted:above_good:0007,bridge,unrestricted,above_good,2750000,2353000.0,,,False
main:bridge:unrestricted:above_good:0010,bridge,unrestricted,above_good,2414700,2353000.0,,,False
main:bridge:unrestricted:above_good:0012,bridge,unrestricted,above_good,4000000,2353000.0,,,False
main:bridge:unrestricted:above_good:0011,bridge,unrestricted,above_good,2188000,2353000.0,,,False
main:bridge:unrestricted:above_good:0013,bridge,unrestricted,above_good,2487350,2353000.0,,,False
main:bridge:unrestricted:above_good:0016,bridge,unrestricted,above_good,1950000,2353000.0,,,False
main:bridge:unrestricted:above_good:0015,bridge,unrestricted,above_good,2068560,2353000.0,,,False
main:bridge:unrestricted:above_good:0014,bridge,unrestricted,above_good,2470000,2353000.0,,,False
main:bridge:unrestricted:above_good:0017,bridge,unrestricted,above_good,3386880,2353000.0,,,False
main:bridge:unrestricted:above_good:0019,bridge,unrestricted,above_good,8500000,2353000.0,,,False
main:bridge:unrestricted:above_good:0018,bridge,unrestricted,above_good,2358000,2353000.0,,,False
main:bridge:unrestricted:above_good:0023,bridge,unrestricted,above_good,2527200,2353000.0,,,False
main:bridge:unrestricted:above_good:0024,bridge,unrestricted,above_good,2435585,2353000.0,,,False
main:bridge:unrestricted:above_good:0022,bridge,unrestricted,above_good,2418000,2353000.0,,,False
main:bridge:unrestricted:above_good:0021,bridge,unrestricted,above_good,2466360,2353000.0,,,False
main:bridge:unrestricted:above_good:0026,bridge,unrestricted,above_good,2415000,2353000.0,,,False
main:bridge:unrestricted:above_good:0025,bridge,unrestricted,above_good,2450000,2353000.0,,,False
main:bridge:unrestricted:above_good:0028,bridge,unrestricted,above_good,1092000,2353000.0,,,False
main:bridge:unrestricted:above_good:0029,bridge,unrestricted,above_good,1450000,2353000.0,,,False
main:bridge:unrestricted:above_good:0027,bridge,unrestricted,above_good,3298752,2353000.0,,,False
main:bridge:unrestricted:above_good:0030,bridge,unrestricted,above_good,2450000,2353000.0,,,False
main:bridge:unrestricted:above_good:0031,bridge,unrestricted,above_good,255840,2353000.0,,,False
main:bridge:unrestricted:above_good:0033,bridge,unrestricted,above_good,2496000,2353000.0,,,False
main:bridge:unrestricted:above_good:0032,bridge,unrestricted,above_good,1230000,2353000.0,,,False
main:bridge:unrestricted:above_good:0034,bridge,unrestricted,above_good,1460000,2353000.0,,,False
main:bridge:unrestricted:above_good:0035,bridge,unrestricted,above_good,1329408,2353000.0,,,False
main:bridge:unrestricted:above_good:0037,bridge,unrestricted,above_good,2447040,2353000.0,,,False
main:bridge:unrestricted:above_good:0036,bridge,unrestricted,above_good,1747200,2353000.0,,,False
main:bridge:unrestricted:above_good:0020,bridge,unrestricted,above_good,2344212,2353000.0,,,False
main:bridge:unrestricted:above_good:0039,bridge,unrestricted,above_good,3028680,2353000.0,,,False
main:bridge:unrestricted:above_good:0038,bridge,unrestricted,above_good,5602000,2353000.0,,,False
main:bridge:unrestricted:above_good:0040,bridge,unrestricted,above_good,2422420,2353000.0,,,False
main:bridge:unrestricted:above_good:0042,bridge,unrestricted,above_good,2437210,2353000.0,,,False
main:bridge:unrestricted:above_good:0041,bridge,unrestricted,above_good,325000,2353000.0,,,False
main:bridge:unrestricted:above_good:0045,bridge,unrestricted,above_good,2800000,2353000.0,,,False
main:bridge:unrestricted:above_good:0043,bridge,unrestricted,above_good,263250,2353000.0,,,False
main:bridge:unrestricted:above_good:0044,bridge,unrestricted,above_good,1123200,2353000.0,,,False
main:bridge:unrestricted:above_good:0046,bridge,unrestricted,above_good,2210000,2353000.0,,,False
main:bridge:unrestricted:above_good:0048,bridge,unrestricted,above_good,158000,2353000.0,,,False
main:bridge:unrestricted:above_good:0047,bridge,unrestricted,above_good,2350000,2353000.0,,,False
main:bridge:unrestricted:above_good:0049,bridge,unrestricted,above_good,2440000,2353000.0,,,False
main:bridge:unrestricted:below_good:0002,bridge,unrestricted,below_good,3494400,2353000.0,,,False
main:bridge:unrestricted:below_good:0003,bridge,unrestricted,below_good,2210000,2353000.0,,,False
main:bridge:unrestricted:below_good:0000,bridge,unrestricted,below_good,998400,2353000.0,,,False
main:bridge:unrestricted:below_good:0006,bridge,unrestricted,below_good,2371200,2353000.0,,,False
main:bridge:unrestricted:below_good:0007,bridge,unrestricted,below_good,2418000,2353000.0,,,False
main:bridge:unrestricted:below_good:0005,bridge,unrestricted,below_good,2352000,2353000.0,,,False
main:bridge:unrestricted:below_good:0004,bridge,unrestricted,below_good,2124000,2353000.0,,,False
main:bridge:unrestricted:below_good:0011,bridge,unrestricted,below_good,1450000,2353000.0,,,False
main:bridge:unrestricted:below_good:0009,bridge,unrestricted,below_good,2150000,2353000.0,,,False
main:bridge:unrestricted:below_good:0012,bridge,unrestricted,below_good,1872000,2353000.0,,,False
main:bridge:unrestricted:below_good:0013,bridge,unrestricted,below_good,1820000,2353000.0,,,False
main:bridge:unrestricted:below_good:0014,bridge,unrestricted,below_good,1750000,2353000.0,,,False
main:bridge:unrestricted:below_good:0015,bridge,unrestricted,below_good,1920000,2353000.0,,,False
main:bridge:unrestricted:below_good:0016,bridge,unrestricted,below_good,2386125,2353000.0,,,False
main:bridge:unrestricted:below_good:0019,bridge,unrestricted,below_good,2420600,2353000.0,,,False
main:bridge:unrestricted:below_good:0008,bridge,unrestricted,below_good,1670000,2353000.0,,,False
main:bridge:unrestricted:below_good:0017,bridge,unrestricted,below_good,1950000,2353000.0,,,False
main:bridge:unrestricted:below_good:0018,bridge,unrestricted,below_good,2247000,2353000.0,,,False
main:bridge:unrestricted:below_good:0020,bridge,unrestricted,below_good,4680000,2353000.0,,,False
main:bridge:unrestricted:below_good:0021,bridge,unrestricted,below_good,1787000,2353000.0,,,False
main:bridge:unrestricted:below_good:0023,bridge,unrestricted,below_good,1940000,2353000.0,,,False
main:bridge:unrestricted:below_good:0022,bridge,unrestricted,below_good,428500,2353000.0,,,False
main:bridge:unrestricted:below_good:0024,bridge,unrestricted,below_good,2340000,2353000.0,,,False
main:bridge:unrestricted:below_good:0025,bridge,unrestricted,below_good,2530000,2353000.0,,,False
main:bridge:unrestricted:below_good:0027,bridge,unrestricted,below_good,2275000,2353000.0,,,False
main:bridge:unrestricted:below_good:0026,bridge,unrestricted,below_good,2340000,2353000.0,,,False
main:bridge:unrestricted:below_good:0028,bridge,unrestricted,below_good,2510000,2353000.0,,,False
main:bridge:unrestricted:below_good:0029,bridge,unrestricted,below_good,2268096,2353000.0,,,False
main:bridge:unrestricted:below_good:0031,bridge,unrestricted,below_good,75000000,2353000.0,,,False
main:bridge:unrestricted:below_good:0030,bridge,unrestricted,below_good,1965600,2353000.0,,,False
main:bridge:unrestricted:below_good:0034,bridge,unrestricted,below_good,2280000,2353000.0,,,False
main:bridge:unrestricted:below_good:0032,bridge,unrestricted,below_good,2349100,2353000.0,,,False
main:bridge:unrestricted:below_good:0033,bridge,unrestricted,below_good,2555280,2353000.0,,,False
main:bridge:unrestricted:below_good:0036,bridge,unrestricted,below_good,2500000,2353000.0,,,False
main:bridge:unrestricted:below_good:0035,bridge,unrestricted,below_good,2080000,2353000.0,,,False
main:bridge:unrestricted:below_good:0037,bridge,unrestricted,below_good,2373000,2353000.0,,,False
main:bridge:unrestricted:below_good:0038,bridge,unrestricted,below_good,2780000,2353000.0,,,False
main:bridge:unrestricted:below_good:0040,bridge,unrestricted,below_good,756600,2353000.0,,,False
main:bridge:unrestricted:below_good:0039,bridge,unrestricted,below_good,2405000,2353000.0,,,False
main:bridge:unrestricted:below_good:0041,bridge,unrestricted,below_good,2000000,2353000.0,,,False
main:bridge:unrestricted:below_good:0043,bridge,unrestricted,below_good,680000,2353000.0,,,False
main:bridge:unrestricted:below_good:0042,bridge,unrestricted,below_good,1912365,2353000.0,,,False
main:bridge:unrestricted:below_good:0044,bridge,unrestricted,below_good,1948000,2353000.0,,,False
main:bridge:unrestricted:below_good:0045,bridge,unrestricted,below_good,2340000,2353000.0,,,False
main:bridge:unrestricted:below_good:0048,bridge,unrestricted,below_good,2334150,2353000.0,,,False
main:bridge:unrestricted:below_good:0046,bridge,unrestricted,below_good,4004000,2353000.0,,,False
main:bridge:unrestricted:below_good:0047,bridge,unrestricted,below_good,1893000,2353000.0,,,False
main:bridge:unrestricted:below_good:0049,bridge,unrestricted,below_good,3250000,2353000.0,,,False
main:bridge:bounded:baseline:0000,bridge,bounded,baseline,2340000,2353000.0,1176500,3529500,False
main:bridge:bounded:baseline:0001,bridge,bounded,baseline,2350000,2353000.0,1176500,3529500,False
main:bridge:bounded:baseline:0004,bridge,bounded,baseline,2353000,2353000.0,1176500,3529500,False
main:bridge:bounded:baseline:0003,bridge,bounded,baseline,2353000,2353000.0,1176500,3529500,False
main:bridge:bounded:baseline:0002,bridge,bounded,baseline,2350000,2353000.0,1176500,3529500,False
main:bridge:bounded:baseline:0005,bridge,bounded,baseline,2620800,2353000.0,1176500,3529500,False
main:bridge:bounded:baseline:0006,bridge,bounded,baseline,2164500,2353000.0,1176500,3529500,False
main:bridge:bounded:baseline:0009,bridge,bounded,baseline,2912000,2353000.0,1176500,3529500,False
main:bridge:bounded:baseline:0008,bridge,bounded,baseline,2366000,2353000.0,1176500,3529500,False
main:bridge:bounded:baseline:0010,bridge,bounded,baseline,2320500,2353000.0,1176500,3529500,False
main:bridge:bounded:baseline:0007,bridge,bounded,baseline,2478600,2353000.0,1176500,3529500,False
main:bridge:bounded:baseline:0011,bridge,bounded,baseline,2315000,2353000.0,1176500,3529500,False
main:bridge:bounded:baseline:0012,bridge,bounded,baseline,1205952,2353000.0,1176500,3529500,False
main:bridge:bounded:baseline:0013,bridge,bounded,baseline,2080000,2353000.0,1176500,3529500,False
main:bridge:bounded:baseline:0016,bridge,bounded,baseline,2520000,2353000.0,1176500,3529500,False
main:bridge:bounded:baseline:0015,bridge,bounded,baseline,2340000,2353000.0,1176500,3529500,False
main:bridge:bounded:baseline:0014,bridge,bounded,baseline,2375100,2353000.0,1176500,3529500,False
main:bridge:bounded:baseline:0017,bridge,bounded,baseline,2028000,2353000.0,1176500,3529500,False
main:bridge:bounded:baseline:0019,bridge,bounded,baseline,2440360,2353000.0,1176500,3529500,False
main:bridge:bounded:baseline:0020,bridge,bounded,baseline,2096640,2353000.0,1176500,3529500,False
main:bridge:bounded:baseline:0022,bridge,bounded,baseline,2150000,2353000.0,1176500,3529500,False
main:bridge:bounded:baseline:0024,bridge,bounded,baseline,2100000,2353000.0,1176500,3529500,False
main:bridge:bounded:baseline:0021,bridge,bounded,baseline,2353000,2353000.0,1176500,3529500,False
main:bridge:bounded:baseline:0025,bridge,bounded,baseline,2250000,2353000.0,1176500,3529500,False
main:bridge:bounded:baseline:0018,bridge,bounded,baseline,2250000,2353000.0,1176500,3529500,False
main:bridge:bounded:baseline:0026,bridge,bounded,baseline,1996800,2353000.0,1176500,3529500,False
main:bridge:bounded:baseline:0029,bridge,bounded,baseline,2340000,2353000.0,1176500,3529500,False
main:bridge:bounded:baseline:0027,bridge,bounded,baseline,2140320,2353000.0,1176500,3529500,False
main:bridge:bounded:baseline:0028,bridge,bounded,baseline,2850000,2353000.0,1176500,3529500,False
main:bridge:bounded:baseline:0030,bridge,bounded,baseline,2323750,2353000.0,1176500,3529500,False
main:bridge:bounded:baseline:0031,bridge,bounded,baseline,1872000,2353000.0,1176500,3529500,False
main:bridge:bounded:baseline:0023,bridge,bounded,baseline,2437500,2353000.0,1176500,3529500,False
main:bridge:bounded:baseline:0032,bridge,bounded,baseline,2184000,2353000.0,1176500,3529500,False
main:bridge:bounded:baseline:0034,bridge,bounded,baseline,2340000,2353000.0,1176500,3529500,False
main:bridge:bounded:baseline:0033,bridge,bounded,baseline,2353000,2353000.0,1176500,3529500,False
main:bridge:bounded:baseline:0035,bridge,bounded,baseline,2350000,2353000.0,1176500,3529500,False
main:bridge:bounded:baseline:0038,bridge,bounded,baseline,2350000,2353000.0,1176500,3529500,False
main:bridge:bounded:baseline:0037,bridge,bounded,baseline,2437500,2353000.0,1176500,3529500,False
main:bridge:bounded:baseline:0039,bridge,bounded,baseline,2353000,2353000.0,1176500,3529500,False
main:bridge:bounded:baseline:0040,bridge,bounded,baseline,2353000,2353000.0,1176500,3529500,False
main:bridge:bounded:baseline:0041,bridge,bounded,baseline,2150000,2353000.0,1176500,3529500,False
main:bridge:bounded:baseline:0043,bridge,bounded,baseline,1943500,2353000.0,1176500,3529500,False
main:bridge:bounded:baseline:0036,bridge,bounded,baseline,2340000,2353000.0,1176500,3529500,False
main:bridge:bounded:baseline:0042,bridge,bounded,baseline,2316600,2353000.0,1176500,3529500,False
main:bridge:bounded:baseline:0045,bridge,bounded,baseline,2489760,2353000.0,1176500,3529500,False
main:bridge:bounded:baseline:0044,bridge,bounded,baseline,2340000,2353000.0,1176500,3529500,False
main:bridge:bounded:baseline:0048,bridge,bounded,baseline,1872000,2353000.0,1176500,3529500,False
main:bridge:bounded:baseline:0049,bridge,bounded,baseline,2385000,2353000.0,1176500,3529500,False
main:bridge:bounded:baseline:0047,bridge,bounded,baseline,2074800,2353000.0,1176500,3529500,False
main:bridge:bounded:baseline:0046,bridge,bounded,baseline,2129400,2353000.0,1176500,3529500,False
main:bridge:bounded:above_good:0000,bridge,bounded,above_good,2184000,2353000.0,1176500,3529500,False
main:bridge:bounded:above_good:0004,bridge,bounded,above_good,2386800,2353000.0,1176500,3529500,False
main:bridge:bounded:above_good:0003,bridge,bounded,above_good,2250000,2353000.0,1176500,3529500,False
main:bridge:bounded:above_good:0005,bridge,bounded,above_good,2496000,2353000.0,1176500,3529500,False
main:bridge:bounded:above_good:0006,bridge,bounded,above_good,2457000,2353000.0,1176500,3529500,False
main:bridge:bounded:above_good:0007,bridge,bounded,above_good,2353000,2353000.0,1176500,3529500,False
main:bridge:bounded:above_good:0001,bridge,bounded,above_good,2340000,2353000.0,1176500,3529500,False
main:bridge:bounded:above_good:0008,bridge,bounded,above_good,2275000,2353000.0,1176500,3529500,False
main:bridge:bounded:above_good:0002,bridge,bounded,above_good,2838300,2353000.0,1176500,3529500,False
main:bridge:bounded:above_good:0009,bridge,bounded,above_good,2340000,2353000.0,1176500,3529500,False
main:bridge:bounded:above_good:0011,bridge,bounded,above_good,2412000,2353000.0,1176500,3529500,False
main:bridge:bounded:above_good:0010,bridge,bounded,above_good,2145000,2353000.0,1176500,3529500,False
main:bridge:bounded:above_good:0013,bridge,bounded,above_good,2480000,2353000.0,1176500,3529500,False
main:bridge:bounded:above_good:0015,bridge,bounded,above_good,2353000,2353000.0,1176500,3529500,False
main:bridge:bounded:above_good:0016,bridge,bounded,above_good,2983220,2353000.0,1176500,3529500,False
main:bridge:bounded:above_good:0014,bridge,bounded,above_good,2381400,2353000.0,1176500,3529500,False
main:bridge:bounded:above_good:0012,bridge,bounded,above_good,1950000,2353000.0,1176500,3529500,False
main:bridge:bounded:above_good:0018,bridge,bounded,above_good,2401280,2353000.0,1176500,3529500,False
main:bridge:bounded:above_good:0017,bridge,bounded,above_good,2184500,2353000.0,1176500,3529500,False
main:bridge:bounded:above_good:0019,bridge,bounded,above_good,2450000,2353000.0,1176500,3529500,False
main:bridge:bounded:above_good:0020,bridge,bounded,above_good,2756250,2353000.0,1176500,3529500,False
main:bridge:bounded:above_good:0021,bridge,bounded,above_good,2676960,2353000.0,1176500,3529500,False
main:bridge:bounded:above_good:0023,bridge,bounded,above_good,2106540,2353000.0,1176500,3529500,False
main:bridge:bounded:above_good:0022,bridge,bounded,above_good,2050000,2353000.0,1176500,3529500,False
main:bridge:bounded:above_good:0024,bridge,bounded,above_good,2240000,2353000.0,1176500,3529500,False
main:bridge:bounded:above_good:0025,bridge,bounded,above_good,2620800,2353000.0,1176500,3529500,False
main:bridge:bounded:above_good:0027,bridge,bounded,above_good,2353000,2353000.0,1176500,3529500,False
main:bridge:bounded:above_good:0026,bridge,bounded,above_good,2860000,2353000.0,1176500,3529500,False
main:bridge:bounded:above_good:0029,bridge,bounded,above_good,2150000,2353000.0,1176500,3529500,False
main:bridge:bounded:above_good:0028,bridge,bounded,above_good,2300000,2353000.0,1176500,3529500,False
main:bridge:bounded:above_good:0030,bridge,bounded,above_good,2345000,2353000.0,1176500,3529500,False
main:bridge:bounded:above_good:0031,bridge,bounded,above_good,2966080,2353000.0,1176500,3529500,False
main:bridge:bounded:above_good:0033,bridge,bounded,above_good,2353000,2353000.0,1176500,3529500,False
main:bridge:bounded:above_good:0034,bridge,bounded,above_good,2415000,2353000.0,1176500,3529500,False
main:bridge:bounded:above_good:0036,bridge,bounded,above_good,2400000,2353000.0,1176500,3529500,False
main:bridge:bounded:above_good:0037,bridge,bounded,above_good,2415000,2353000.0,1176500,3529500,False
main:bridge:bounded:above_good:0038,bridge,bounded,above_good,2185000,2353000.0,1176500,3529500,False
main:bridge:bounded:above_good:0040,bridge,bounded,above_good,2184000,2353000.0,1176500,3529500,False
main:bridge:bounded:above_good:0039,bridge,bounded,above_good,2540160,2353000.0,1176500,3529500,False
main:bridge:bounded:above_good:0041,bridge,bounded,above_good,2420600,2353000.0,1176500,3529500,False
main:bridge:bounded:above_good:0042,bridge,bounded,above_good,2380000,2353000.0,1176500,3529500,False
main:bridge:bounded:above_good:0043,bridge,bounded,above_good,2412000,2353000.0,1176500,3529500,False
main:bridge:bounded:above_good:0032,bridge,bounded,above_good,2658766,2353000.0,1176500,3529500,False
main:bridge:bounded:above_good:0044,bridge,bounded,above_good,1950000,2353000.0,1176500,3529500,False
main:bridge:bounded:above_good:0047,bridge,bounded,above_good,2180000,2353000.0,1176500,3529500,False
main:bridge:bounded:above_good:0045,bridge,bounded,above_good,2386449,2353000.0,1176500,3529500,False
main:bridge:bounded:above_good:0046,bridge,bounded,above_good,1450000,2353000.0,1176500,3529500,False
main:bridge:bounded:above_good:0048,bridge,bounded,above_good,2650000,2353000.0,1176500,3529500,False
main:bridge:bounded:above_good:0049,bridge,bounded,above_good,2150000,2353000.0,1176500,3529500,False
main:bridge:bounded:below_good:0003,bridge,bounded,below_good,2021760,2353000.0,1176500,3529500,False
main:bridge:bounded:below_good:0000,bridge,bounded,below_good,2281500,2353000.0,1176500,3529500,False
main:bridge:bounded:below_good:0001,bridge,bounded,below_good,2306304,2353000.0,1176500,3529500,False
main:bridge:bounded:below_good:0002,bridge,bounded,below_good,2334800,2353000.0,1176500,3529500,False
main:bridge:bounded:below_good:0004,bridge,bounded,below_good,2300000,2353000.0,1176500,3529500,False
main:bridge:bounded:below_good:0007,bridge,bounded,below_good,2222640,2353000.0,1176500,3529500,False
main:bridge:bounded:below_good:0005,bridge,bounded,below_good,2350000,2353000.0,1176500,3529500,False
main:bridge:bounded:below_good:0006,bridge,bounded,below_good,1914155,2353000.0,1176500,3529500,False
main:bridge:bounded:below_good:0008,bridge,bounded,below_good,2310000,2353000.0,1176500,3529500,False
main:bridge:bounded:below_good:0009,bridge,bounded,below_good,2130000,2353000.0,1176500,3529500,False
main:bridge:bounded:below_good:0011,bridge,bounded,below_good,2263950,2353000.0,1176500,3529500,False
main:bridge:bounded:below_good:0012,bridge,bounded,below_good,2205450,2353000.0,1176500,3529500,False
main:bridge:bounded:below_good:0013,bridge,bounded,below_good,2150000,2353000.0,1176500,3529500,False
main:bridge:bounded:below_good:0010,bridge,bounded,below_good,1950000,2353000.0,1176500,3529500,False
main:bridge:bounded:below_good:0015,bridge,bounded,below_good,2353000,2353000.0,1176500,3529500,False
main:bridge:bounded:below_good:0014,bridge,bounded,below_good,2527200,2353000.0,1176500,3529500,False
main:bridge:bounded:below_good:0018,bridge,bounded,below_good,2278500,2353000.0,1176500,3529500,False
main:bridge:bounded:below_good:0016,bridge,bounded,below_good,2353000,2353000.0,1176500,3529500,False
main:bridge:bounded:below_good:0017,bridge,bounded,below_good,2124000,2353000.0,1176500,3529500,False
main:bridge:bounded:below_good:0019,bridge,bounded,below_good,2280000,2353000.0,1176500,3529500,False
main:bridge:bounded:below_good:0020,bridge,bounded,below_good,2223000,2353000.0,1176500,3529500,False
main:bridge:bounded:below_good:0023,bridge,bounded,below_good,1787500,2353000.0,1176500,3529500,False
main:bridge:bounded:below_good:0022,bridge,bounded,below_good,2131200,2353000.0,1176500,3529500,False
main:bridge:bounded:below_good:0021,bridge,bounded,below_good,2280000,2353000.0,1176500,3529500,False
main:bridge:bounded:below_good:0025,bridge,bounded,below_good,2190000,2353000.0,1176500,3529500,False
main:bridge:bounded:below_good:0024,bridge,bounded,below_good,1950000,2353000.0,1176500,3529500,False
main:bridge:bounded:below_good:0027,bridge,bounded,below_good,1560000,2353000.0,1176500,3529500,False
main:bridge:bounded:below_good:0028,bridge,bounded,below_good,2352800,2353000.0,1176500,3529500,False
main:bridge:bounded:below_good:0026,bridge,bounded,below_good,2150000,2353000.0,1176500,3529500,False
main:bridge:bounded:below_good:0029,bridge,bounded,below_good,2487000,2353000.0,1176500,3529500,False
main:bridge:bounded:below_good:0031,bridge,bounded,below_good,1950000,2353000.0,1176500,3529500,False
main:bridge:bounded:below_good:0030,bridge,bounded,below_good,1850000,2353000.0,1176500,3529500,False
main:bridge:bounded:below_good:0032,bridge,bounded,below_good,1950000,2353000.0,1176500,3529500,False
main:bridge:bounded:below_good:0033,bridge,bounded,below_good,2143472,2353000.0,1176500,3529500,False
main:bridge:bounded:below_good:0034,bridge,bounded,below_good,2353000,2353000.0,1176500,3529500,False
main:bridge:bounded:below_good:0035,bridge,bounded,below_good,2186480,2353000.0,1176500,3529500,False
main:bridge:bounded:below_good:0036,bridge,bounded,below_good,2300000,2353000.0,1176500,3529500,False
main:bridge:bounded:below_good:0038,bridge,bounded,below_good,2740000,2353000.0,1176500,3529500,False
main:bridge:bounded:below_good:0037,bridge,bounded,below_good,1462859,2353000.0,1176500,3529500,False
main:bridge:bounded:below_good:0041,bridge,bounded,below_good,2096640,2353000.0,1176500,3529500,False
main:bridge:bounded:below_good:0043,bridge,bounded,below_good,2300000,2353000.0,1176500,3529500,False
main:bridge:bounded:below_good:0044,bridge,bounded,below_good,2217888,2353000.0,1176500,3529500,False
main:bridge:bounded:below_good:0042,bridge,bounded,below_good,2373462,2353000.0,1176500,3529500,False
main:bridge:bounded:below_good:0039,bridge,bounded,below_good,2184000,2353000.0,1176500,3529500,False
main:bridge:bounded:below_good:0046,bridge,bounded,below_good,2353000,2353000.0,1176500,3529500,False
main:bridge:bounded:below_good:0040,bridge,bounded,below_good,2192000,2353000.0,1176500,3529500,False
main:bridge:bounded:below_good:0045,bridge,bounded,below_good,2200000,2353000.0,1176500,3529500,False
main:bridge:bounded:below_good:0048,bridge,bounded,below_good,2353000,2353000.0,1176500,3529500,False
main:bridge:bounded:below_good:0049,bridge,bounded,below_good,2412500,2353000.0,1176500,3529500,False
main:bridge:bounded:below_good:0047,bridge,bounded,below_good,2412850,2353000.0,1176500,3529500,False
main:crochet:unrestricted:baseline:0002,crochet,unrestricted,baseline,3900000000,9500000000.0,,,False
main:crochet:unrestricted:baseline:0000,crochet,unrestricted,baseline,14000000000,9500000000.0,,,False
main:crochet:unrestricted:baseline:0005,crochet,unrestricted,baseline,3500000000,9500000000.0,,,False
main:crochet:unrestricted:baseline:0004,crochet,unrestricted,baseline,5000000000,9500000000.0,,,False
main:crochet:unrestricted:baseline:0006,crochet,unrestricted,baseline,13600000000,9500000000.0,,,False
main:crochet:unrestricted:baseline:0003,crochet,unrestricted,baseline,35000000000,9500000000.0,,,False
main:crochet:unrestricted:baseline:0001,crochet,unrestricted,baseline,48000000000,9500000000.0,,,False
main:crochet:unrestricted:baseline:0007,crochet,unrestricted,baseline,4300000000,9500000000.0,,,False
main:crochet:unrestricted:baseline:0008,crochet,unrestricted,baseline,2850000000,9500000000.0,,,False
main:crochet:unrestricted:baseline:0009,crochet,unrestricted,baseline,8400000000,9500000000.0,,,False
main:crochet:unrestricted:baseline:0011,crochet,unrestricted,baseline,1290000000,9500000000.0,,,False
main:crochet:unrestricted:baseline:0010,crochet,unrestricted,baseline,1970000000,9500000000.0,,,False
main:crochet:unrestricted:baseline:0013,crochet,unrestricted,baseline,180000000000,9500000000.0,,,False
main:crochet:unrestricted:baseline:0012,crochet,unrestricted,baseline,1460000000,9500000000.0,,,False
main:crochet:unrestricted:baseline:0016,crochet,unrestricted,baseline,21000000000,9500000000.0,,,False
main:crochet:unrestricted:baseline:0014,crochet,unrestricted,baseline,13000000000,9500000000.0,,,False
main:crochet:unrestricted:baseline:0015,crochet,unrestricted,baseline,5160960000,9500000000.0,,,False
main:crochet:unrestricted:baseline:0017,crochet,unrestricted,baseline,22000000000,9500000000.0,,,False
main:crochet:unrestricted:baseline:0019,crochet,unrestricted,baseline,25000000000,9500000000.0,,,False
main:crochet:unrestricted:baseline:0020,crochet,unrestricted,baseline,3700000000,9500000000.0,,,False
main:crochet:unrestricted:baseline:0018,crochet,unrestricted,baseline,8500000000,9500000000.0,,,False
main:crochet:unrestricted:baseline:0024,crochet,unrestricted,baseline,20000000000,9500000000.0,,,False
main:crochet:unrestricted:baseline:0023,crochet,unrestricted,baseline,35000000000,9500000000.0,,,False
main:crochet:unrestricted:baseline:0021,crochet,unrestricted,baseline,9000000000,9500000000.0,,,False
main:crochet:unrestricted:baseline:0022,crochet,unrestricted,baseline,1300000000,9500000000.0,,,False
main:crochet:unrestricted:baseline:0025,crochet,unrestricted,baseline,13000000000,9500000000.0,,,False
main:crochet:unrestricted:baseline:0026,crochet,unrestricted,baseline,222000000000,9500000000.0,,,False
main:crochet:unrestricted:baseline:0029,crochet,unrestricted,baseline,14000000000,9500000000.0,,,False
main:crochet:unrestricted:baseline:0027,crochet,unrestricted,baseline,24000000000,9500000000.0,,,False
main:crochet:unrestricted:baseline:0030,crochet,unrestricted,baseline,6220000000,9500000000.0,,,False
main:crochet:unrestricted:baseline:0028,crochet,unrestricted,baseline,2688000000,9500000000.0,,,False
main:crochet:unrestricted:baseline:0032,crochet,unrestricted,baseline,27000000000,9500000000.0,,,False
main:crochet:unrestricted:baseline:0031,crochet,unrestricted,baseline,4200000000,9500000000.0,,,False
main:crochet:unrestricted:baseline:0034,crochet,unrestricted,baseline,3600000000,9500000000.0,,,False
main:crochet:unrestricted:baseline:0033,crochet,unrestricted,baseline,3540000000,9500000000.0,,,False
main:crochet:unrestricted:baseline:0035,crochet,unrestricted,baseline,1200000000,9500000000.0,,,False
main:crochet:unrestricted:baseline:0036,crochet,unrestricted,baseline,34000000000,9500000000.0,,,False
main:crochet:unrestricted:baseline:0039,crochet,unrestricted,baseline,5300000000,9500000000.0,,,False
main:crochet:unrestricted:baseline:0038,crochet,unrestricted,baseline,4300000000,9500000000.0,,,False
main:crochet:unrestricted:baseline:0037,crochet,unrestricted,baseline,9000000000,9500000000.0,,,False
main:crochet:unrestricted:baseline:0040,crochet,unrestricted,baseline,275000000000,9500000000.0,,,False
main:crochet:unrestricted:baseline:0041,crochet,unrestricted,baseline,43000000000,9500000000.0,,,False
main:crochet:unrestricted:baseline:0042,crochet,unrestricted,baseline,15800000000,9500000000.0,,,False
main:crochet:unrestricted:baseline:0043,crochet,unrestricted,baseline,800000000,9500000000.0,,,False
main:crochet:unrestricted:baseline:0044,crochet,unrestricted,baseline,25200000000,9500000000.0,,,False
main:crochet:unrestricted:baseline:0045,crochet,unrestricted,baseline,12200000000,9500000000.0,,,False
main:crochet:unrestricted:baseline:0046,crochet,unrestricted,baseline,10000000000,9500000000.0,,,False
main:crochet:unrestricted:baseline:0047,crochet,unrestricted,baseline,24500000000,9500000000.0,,,False
main:crochet:unrestricted:baseline:0049,crochet,unrestricted,baseline,10000000000,9500000000.0,,,False
main:crochet:unrestricted:baseline:0048,crochet,unrestricted,baseline,2350000000,9500000000.0,,,False
main:crochet:unrestricted:above_good:0003,crochet,unrestricted,above_good,2800000000,9500000000.0,,,False
main:crochet:unrestricted:above_good:0002,crochet,unrestricted,above_good,3800000000,9500000000.0,,,False
main:crochet:unrestricted:above_good:0005,crochet,unrestricted,above_good,12000000000,9500000000.0,,,False
main:crochet:unrestricted:above_good:0006,crochet,unrestricted,above_good,10400000000,9500000000.0,,,False
main:crochet:unrestricted:above_good:0007,crochet,unrestricted,above_good,8200000000,9500000000.0,,,False
main:crochet:unrestricted:above_good:0001,crochet,unrestricted,above_good,9400000000,9500000000.0,,,False
main:crochet:unrestricted:above_good:0008,crochet,unrestricted,above_good,10900000000,9500000000.0,,,False
main:crochet:unrestricted:above_good:0004,crochet,unrestricted,above_good,8750000000,9500000000.0,,,False
main:crochet:unrestricted:above_good:0000,crochet,unrestricted,above_good,8640000000,9500000000.0,,,False
main:crochet:unrestricted:above_good:0009,crochet,unrestricted,above_good,15000000000,9500000000.0,,,False
main:crochet:unrestricted:above_good:0010,crochet,unrestricted,above_good,9540000000,9500000000.0,,,False
main:crochet:unrestricted:above_good:0012,crochet,unrestricted,above_good,7200000000,9500000000.0,,,False
main:crochet:unrestricted:above_good:0011,crochet,unrestricted,above_good,5500000000,9500000000.0,,,False
main:crochet:unrestricted:above_good:0013,crochet,unrestricted,above_good,2370000000,9500000000.0,,,False
main:crochet:unrestricted:above_good:0015,crochet,unrestricted,above_good,10240000000,9500000000.0,,,False
main:crochet:unrestricted:above_good:0014,crochet,unrestricted,above_good,10930000000,9500000000.0,,,False
main:crochet:unrestricted:above_good:0017,crochet,unrestricted,above_good,8900000000,9500000000.0,,,False
main:crochet:unrestricted:above_good:0016,crochet,unrestricted,above_good,9400000000,9500000000.0,,,False
main:crochet:unrestricted:above_good:0018,crochet,unrestricted,above_good,8800000000,9500000000.0,,,False
main:crochet:unrestricted:above_good:0021,crochet,unrestricted,above_good,9440000000,9500000000.0,,,False
main:crochet:unrestricted:above_good:0020,crochet,unrestricted,above_good,6500000000,9500000000.0,,,False
main:crochet:unrestricted:above_good:0022,crochet,unrestricted,above_good,9850000000,9500000000.0,,,False
main:crochet:unrestricted:above_good:0023,crochet,unrestricted,above_good,9200000000,9500000000.0,,,False
main:crochet:unrestricted:above_good:0025,crochet,unrestricted,above_good,10100000000,9500000000.0,,,False
main:crochet:unrestricted:above_good:0019,crochet,unrestricted,above_good,11720000000,9500000000.0,,,False
main:crochet:unrestricted:above_good:0027,crochet,unrestricted,above_good,7900000000,9500000000.0,,,False
main:crochet:unrestricted:above_good:0026,crochet,unrestricted,above_good,3800000000,9500000000.0,,,False
main:crochet:unrestricted:above_good:0028,crochet,unrestricted,above_good,2400000000,9500000000.0,,,False
main:crochet:unrestricted:above_good:0029,crochet,unrestricted,above_good,11200000000,9500000000.0,,,False
main:crochet:unrestricted:above_good:0031,crochet,unrestricted,above_good,3000000000,9500000000.0,,,False
main:crochet:unrestricted:above_good:0030,crochet,unrestricted,above_good,7990000000,9500000000.0,,,False
main:crochet:unrestricted:above_good:0032,crochet,unrestricted,above_good,7650000000,9500000000.0,,,False
main:crochet:unrestricted:above_good:0033,crochet,unrestricted,above_good,1580000000,9500000000.0,,,False
main:crochet:unrestricted:above_good:0034,crochet,unrestricted,above_good,7200000000,9500000000.0,,,False
main:crochet:unrestricted:above_good:0035,crochet,unrestricted,above_good,6790000000,9500000000.0,,,False
main:crochet:unrestricted:above_good:0036,crochet,unrestricted,above_good,7100000000,9500000000.0,,,False
main:crochet:unrestricted:above_good:0037,crochet,unrestricted,above_good,11400000000,9500000000.0,,,False
main:crochet:unrestricted:above_good:0038,crochet,unrestricted,above_good,4600000000,9500000000.0,,,False
main:crochet:unrestricted:above_good:0040,crochet,unrestricted,above_good,4500000000,9500000000.0,,,False
main:crochet:unrestricted:above_good:0041,crochet,unrestricted,above_good,9200000000,9500000000.0,,,False
main:crochet:unrestricted:above_good:0042,crochet,unrestricted,above_good,8920000000,9500000000.0,,,False
main:crochet:unrestricted:above_good:0039,crochet,unrestricted,above_good,9200000000,9500000000.0,,,False
main:crochet:unrestricted:above_good:0043,crochet,unrestricted,above_good,23100000000,9500000000.0,,,False
main:crochet:unrestricted:above_good:0045,crochet,unrestricted,above_good,8923300000,9500000000.0,,,False
main:crochet:unrestricted:above_good:0046,crochet,unrestricted,above_good,9200000000,9500000000.0,,,False
main:crochet:unrestricted:above_good:0044,crochet,unrestricted,above_good,38000000000,9500000000.0,,,False
main:crochet:unrestricted:above_good:0024,crochet,unrestricted,above_good,4950000000,9500000000.0,,,False
main:crochet:unrestricted:above_good:0047,crochet,unrestricted,above_good,8700000000,9500000000.0,,,False
main:crochet:unrestricted:above_good:0049,crochet,unrestricted,above_good,10100000000,9500000000.0,,,False
main:crochet:unrestricted:above_good:0048,crochet,unrestricted,above_good,7860000000,9500000000.0,,,False
main:crochet:unrestricted:below_good:0002,crochet,unrestricted,below_good,8750000000,9500000000.0,,,False
main:crochet:unrestricted:below_good:0003,crochet,unrestricted,below_good,7600000000,9500000000.0,,,False
main:crochet:unrestricted:below_good:0001,crochet,unrestricted,below_good,8400000000,9500000000.0,,,False
main:crochet:unrestricted:below_good:0000,crochet,unrestricted,below_good,8322560000,9500000000.0,,,False
main:crochet:unrestricted:below_good:0007,crochet,unrestricted,below_good,6800000000,9500000000.0,,,False
main:crochet:unrestricted:below_good:0006,crochet,unrestricted,below_good,9400000000,9500000000.0,,,False
main:crochet:unrestricted:below_good:0004,crochet,unrestricted,below_good,7450000000,9500000000.0,,,False
main:crochet:unrestricted:below_good:0005,crochet,unrestricted,below_good,4200000000,9500000000.0,,,False
main:crochet:unrestricted:below_good:0008,crochet,unrestricted,below_good,11300000000,9500000000.0,,,False
main:crochet:unrestricted:below_good:0009,crochet,unrestricted,below_good,10500000000,9500000000.0,,,False
main:crochet:unrestricted:below_good:0013,crochet,unrestricted,below_good,8640000000,9500000000.0,,,False
main:crochet:unrestricted:below_good:0010,crochet,unrestricted,below_good,8200000000,9500000000.0,,,False
main:crochet:unrestricted:below_good:0011,crochet,unrestricted,below_good,5230000000,9500000000.0,,,False
main:crochet:unrestricted:below_good:0012,crochet,unrestricted,below_good,11000000000,9500000000.0,,,False
main:crochet:unrestricted:below_good:0015,crochet,unrestricted,below_good,8500000000,9500000000.0,,,False
main:crochet:unrestricted:below_good:0016,crochet,unrestricted,below_good,4700000000,9500000000.0,,,False
main:crochet:unrestricted:below_good:0014,crochet,unrestricted,below_good,7500000000,9500000000.0,,,False
main:crochet:unrestricted:below_good:0017,crochet,unrestricted,below_good,7750000000,9500000000.0,,,False
main:crochet:unrestricted:below_good:0018,crochet,unrestricted,below_good,5500000000,9500000000.0,,,False
main:crochet:unrestricted:below_good:0020,crochet,unrestricted,below_good,4900000000,9500000000.0,,,False
main:crochet:unrestricted:below_good:0019,crochet,unrestricted,below_good,6800000000,9500000000.0,,,False
main:crochet:unrestricted:below_good:0021,crochet,unrestricted,below_good,8750000000,9500000000.0,,,False
main:crochet:unrestricted:below_good:0022,crochet,unrestricted,below_good,9700000000,9500000000.0,,,False
main:crochet:unrestricted:below_good:0023,crochet,unrestricted,below_good,1500000000,9500000000.0,,,False
main:crochet:unrestricted:below_good:0026,crochet,unrestricted,below_good,8250000000,9500000000.0,,,False
main:crochet:unrestricted:below_good:0025,crochet,unrestricted,below_good,8900000000,9500000000.0,,,False
main:crochet:unrestricted:below_good:0027,crochet,unrestricted,below_good,9340000000,9500000000.0,,,False
main:crochet:unrestricted:below_good:0024,crochet,unrestricted,below_good,9157800000,9500000000.0,,,False
main:crochet:unrestricted:below_good:0029,crochet,unrestricted,below_good,6400000000,9500000000.0,,,False
main:crochet:unrestricted:below_good:0030,crochet,unrestricted,below_good,5360000000,9500000000.0,,,False
main:crochet:unrestricted:below_good:0028,crochet,unrestricted,below_good,7200000000,9500000000.0,,,False
main:crochet:unrestricted:below_good:0031,crochet,unrestricted,below_good,5400000000,9500000000.0,,,False
main:crochet:unrestricted:below_good:0032,crochet,unrestricted,below_good,8900000000,9500000000.0,,,False
main:crochet:unrestricted:below_good:0034,crochet,unrestricted,below_good,6730000000,9500000000.0,,,False
main:crochet:unrestricted:below_good:0036,crochet,unrestricted,below_good,7200000000,9500000000.0,,,False
main:crochet:unrestricted:below_good:0035,crochet,unrestricted,below_good,6200000000,9500000000.0,,,False
main:crochet:unrestricted:below_good:0033,crochet,unrestricted,below_good,18400000000,9500000000.0,,,False
main:crochet:unrestricted:below_good:0040,crochet,unrestricted,below_good,9200000000,9500000000.0,,,False
main:crochet:unrestricted:below_good:0037,crochet,unrestricted,below_good,7200000000,9500000000.0,,,False
main:crochet:unrestricted:below_good:0038,crochet,unrestricted,below_good,7600000000,9500000000.0,,,False
main:crochet:unrestricted:below_good:0041,crochet,unrestricted,below_good,3600000000,9500000000.0,,,False
main:crochet:unrestricted:below_good:0039,crochet,unrestricted,below_good,840000000,9500000000.0,,,False
main:crochet:unrestricted:below_good:0043,crochet,unrestricted,below_good,8900000000,9500000000.0,,,False
main:crochet:unrestricted:below_good:0042,crochet,unrestricted,below_good,4200000000,9500000000.0,,,False
main:crochet:unrestricted:below_good:0044,crochet,unrestricted,below_good,9013760000,9500000000.0,,,False
main:crochet:unrestricted:below_good:0045,crochet,unrestricted,below_good,9420000000,9500000000.0,,,False
main:crochet:unrestricted:below_good:0046,crochet,unrestricted,below_good,13390000000,9500000000.0,,,False
main:crochet:unrestricted:below_good:0048,crochet,unrestricted,below_good,9750000000,9500000000.0,,,False
main:crochet:unrestricted:below_good:0049,crochet,unrestricted,below_good,16000000000,9500000000.0,,,False
main:crochet:unrestricted:below_good:0047,crochet,unrestricted,below_good,2800000000,9500000000.0,,,False
main:crochet:bounded:baseline:0002,crochet,bounded,baseline,7200000000,9500000000.0,4750000000,14250000000,False
main:crochet:bounded:baseline:0004,crochet,bounded,baseline,8400000000,9500000000.0,4750000000,14250000000,False
main:crochet:bounded:baseline:0000,crochet,bounded,baseline,8500000000,9500000000.0,4750000000,14250000000,False
main:crochet:bounded:baseline:0001,crochet,bounded,baseline,10500000000,9500000000.0,4750000000,14250000000,False
main:crochet:bounded:baseline:0003,crochet,bounded,baseline,10200000000,9500000000.0,4750000000,14250000000,False
main:crochet:bounded:baseline:0006,crochet,bounded,baseline,9500000000,9500000000.0,4750000000,14250000000,False
main:crochet:bounded:baseline:0005,crochet,bounded,baseline,9576000000,9500000000.0,4750000000,14250000000,False
main:crochet:bounded:baseline:0008,crochet,bounded,baseline,9200000000,9500000000.0,4750000000,14250000000,False
main:crochet:bounded:baseline:0007,crochet,bounded,baseline,6500000000,9500000000.0,4750000000,14250000000,False
main:crochet:bounded:baseline:0009,crochet,bounded,baseline,9500000000,9500000000.0,4750000000,14250000000,False
main:crochet:bounded:baseline:0010,crochet,bounded,baseline,9300000000,9500000000.0,4750000000,14250000000,False
main:crochet:bounded:baseline:0012,crochet,bounded,baseline,9100000000,9500000000.0,4750000000,14250000000,False
main:crochet:bounded:baseline:0011,crochet,bounded,baseline,9800000000,9500000000.0,4750000000,14250000000,False
main:crochet:bounded:baseline:0014,crochet,bounded,baseline,7850000000,9500000000.0,4750000000,14250000000,False
main:crochet:bounded:baseline:0013,crochet,bounded,baseline,7800000000,9500000000.0,4750000000,14250000000,False
main:crochet:bounded:baseline:0015,crochet,bounded,baseline,9200000000,9500000000.0,4750000000,14250000000,False
main:crochet:bounded:baseline:0016,crochet,bounded,baseline,8650000000,9500000000.0,4750000000,14250000000,False
main:crochet:bounded:baseline:0018,crochet,bounded,baseline,9420000000,9500000000.0,4750000000,14250000000,False
main:crochet:bounded:baseline:0017,crochet,bounded,baseline,9500000000,9500000000.0,4750000000,14250000000,False
main:crochet:bounded:baseline:0019,crochet,bounded,baseline,9200000000,9500000000.0,4750000000,14250000000,False
main:crochet:bounded:baseline:0023,crochet,bounded,baseline,7850000000,9500000000.0,4750000000,14250000000,False
main:crochet:bounded:baseline:0020,crochet,bounded,baseline,8900000000,9500000000.0,4750000000,14250000000,False
main:crochet:bounded:baseline:0024,crochet,bounded,baseline,9375000000,9500000000.0,4750000000,14250000000,False
main:crochet:bounded:baseline:0022,crochet,bounded,baseline,9000000000,9500000000.0,4750000000,14250000000,False
main:crochet:bounded:baseline:0026,crochet,bounded,baseline,10140000000,9500000000.0,4750000000,14250000000,False
main:crochet:bounded:baseline:0027,crochet,bounded,baseline,9800000000,9500000000.0,4750000000,14250000000,False
main:crochet:bounded:baseline:0025,crochet,bounded,baseline,9800000000,9500000000.0,4750000000,14250000000,False
main:crochet:bounded:baseline:0021,crochet,bounded,baseline,8400000000,9500000000.0,4750000000,14250000000,False
main:crochet:bounded:baseline:0029,crochet,bounded,baseline,8100000000,9500000000.0,4750000000,14250000000,False
main:crochet:bounded:baseline:0031,crochet,bounded,baseline,9718800000,9500000000.0,4750000000,14250000000,False
main:crochet:bounded:baseline:0028,crochet,bounded,baseline,8500000000,9500000000.0,4750000000,14250000000,False
main:crochet:bounded:baseline:0030,crochet,bounded,baseline,9200000000,9500000000.0,4750000000,14250000000,False
main:crochet:bounded:baseline:0033,crochet,bounded,baseline,9500000000,9500000000.0,4750000000,14250000000,False
main:crochet:bounded:baseline:0034,crochet,bounded,baseline,9100000000,9500000000.0,4750000000,14250000000,False
main:crochet:bounded:baseline:0035,crochet,bounded,baseline,8600000000,9500000000.0,4750000000,14250000000,False
main:crochet:bounded:baseline:0036,crochet,bounded,baseline,9200000000,9500000000.0,4750000000,14250000000,False
main:crochet:bounded:baseline:0038,crochet,bounded,baseline,9500000000,9500000000.0,4750000000,14250000000,False
main:crochet:bounded:baseline:0037,crochet,bounded,baseline,8400000000,9500000000.0,4750000000,14250000000,False
main:crochet:bounded:baseline:0040,crochet,bounded,baseline,10000000000,9500000000.0,4750000000,14250000000,False
main:crochet:bounded:baseline:0041,crochet,bounded,baseline,9200000000,9500000000.0,4750000000,14250000000,False
main:crochet:bounded:baseline:0043,crochet,bounded,baseline,8500000000,9500000000.0,4750000000,14250000000,False
main:crochet:bounded:baseline:0042,crochet,bounded,baseline,9500000000,9500000000.0,4750000000,14250000000,False
main:crochet:bounded:baseline:0044,crochet,bounded,baseline,10500000000,9500000000.0,4750000000,14250000000,False
main:crochet:bounded:baseline:0046,crochet,bounded,baseline,6200000000,9500000000.0,4750000000,14250000000,False
main:crochet:bounded:baseline:0045,crochet,bounded,baseline,12500000000,9500000000.0,4750000000,14250000000,False
main:crochet:bounded:baseline:0047,crochet,bounded,baseline,9200000000,9500000000.0,4750000000,14250000000,False
main:crochet:bounded:baseline:0049,crochet,bounded,baseline,10400000000,9500000000.0,4750000000,14250000000,False
main:crochet:bounded:baseline:0048,crochet,bounded,baseline,9600000000,9500000000.0,4750000000,14250000000,False
main:crochet:bounded:baseline:0032,crochet,bounded,baseline,9480000000,9500000000.0,4750000000,14250000000,False
main:crochet:bounded:above_good:0002,crochet,bounded,above_good,10750000000,9500000000.0,4750000000,14250000000,False
main:crochet:bounded:above_good:0003,crochet,bounded,above_good,6800000000,9500000000.0,4750000000,14250000000,False
main:crochet:bounded:above_good:0000,crochet,bounded,above_good,9500000000,9500000000.0,4750000000,14250000000,False
main:crochet:bounded:above_good:0001,crochet,bounded,above_good,12000000000,9500000000.0,4750000000,14250000000,False
main:crochet:bounded:above_good:0004,crochet,bounded,above_good,7400000000,9500000000.0,4750000000,14250000000,False
main:crochet:bounded:above_good:0007,crochet,bounded,above_good,9500000000,9500000000.0,4750000000,14250000000,False
main:crochet:bounded:above_good:0005,crochet,bounded,above_good,9500000000,9500000000.0,4750000000,14250000000,False
main:crochet:bounded:above_good:0006,crochet,bounded,above_good,10350000000,9500000000.0,4750000000,14250000000,False
main:crochet:bounded:above_good:0010,crochet,bounded,above_good,8900000000,9500000000.0,4750000000,14250000000,False
main:crochet:bounded:above_good:0012,crochet,bounded,above_good,9200000000,9500000000.0,4750000000,14250000000,False
main:crochet:bounded:above_good:0009,crochet,bounded,above_good,7600000000,9500000000.0,4750000000,14250000000,False
main:crochet:bounded:above_good:0011,crochet,bounded,above_good,8200000000,9500000000.0,4750000000,14250000000,False
main:crochet:bounded:above_good:0008,crochet,bounded,above_good,9200000000,9500000000.0,4750000000,14250000000,False
main:crochet:bounded:above_good:0013,crochet,bounded,above_good,9850000000,9500000000.0,4750000000,14250000000,False
main:crochet:bounded:above_good:0015,crochet,bounded,above_good,7800000000,9500000000.0,4750000000,14250000000,False
main:crochet:bounded:above_good:0017,crochet,bounded,above_good,8250000000,9500000000.0,4750000000,14250000000,False
main:crochet:bounded:above_good:0014,crochet,bounded,above_good,10500000000,9500000000.0,4750000000,14250000000,False
main:crochet:bounded:above_good:0019,crochet,bounded,above_good,9100000000,9500000000.0,4750000000,14250000000,False
main:crochet:bounded:above_good:0018,crochet,bounded,above_good,9400000000,9500000000.0,4750000000,14250000000,False
main:crochet:bounded:above_good:0016,crochet,bounded,above_good,8730000000,9500000000.0,4750000000,14250000000,False
main:crochet:bounded:above_good:0020,crochet,bounded,above_good,8890000000,9500000000.0,4750000000,14250000000,False
main:crochet:bounded:above_good:0021,crochet,bounded,above_good,9800000000,9500000000.0,4750000000,14250000000,False
main:crochet:bounded:above_good:0023,crochet,bounded,above_good,9490000000,9500000000.0,4750000000,14250000000,False
main:crochet:bounded:above_good:0022,crochet,bounded,above_good,9300000000,9500000000.0,4750000000,14250000000,False
main:crochet:bounded:above_good:0025,crochet,bounded,above_good,9800000000,9500000000.0,4750000000,14250000000,False
main:crochet:bounded:above_good:0024,crochet,bounded,above_good,9500000000,9500000000.0,4750000000,14250000000,False
main:crochet:bounded:above_good:0027,crochet,bounded,above_good,9200000000,9500000000.0,4750000000,14250000000,False
main:crochet:bounded:above_good:0026,crochet,bounded,above_good,8900000000,9500000000.0,4750000000,14250000000,False
main:crochet:bounded:above_good:0028,crochet,bounded,above_good,9711000000,9500000000.0,4750000000,14250000000,False
main:crochet:bounded:above_good:0029,crochet,bounded,above_good,9850000000,9500000000.0,4750000000,14250000000,False
main:crochet:bounded:above_good:0031,crochet,bounded,above_good,7850000000,9500000000.0,4750000000,14250000000,False
main:crochet:bounded:above_good:0032,crochet,bounded,above_good,9680000000,9500000000.0,4750000000,14250000000,False
main:crochet:bounded:above_good:0030,crochet,bounded,above_good,9500000000,9500000000.0,4750000000,14250000000,False
main:crochet:bounded:above_good:0035,crochet,bounded,above_good,7600000000,9500000000.0,4750000000,14250000000,False
main:crochet:bounded:above_good:0033,crochet,bounded,above_good,8400000000,9500000000.0,4750000000,14250000000,False
main:crochet:bounded:above_good:0034,crochet,bounded,above_good,8500000000,9500000000.0,4750000000,14250000000,False
main:crochet:bounded:above_good:0037,crochet,bounded,above_good,6200000000,9500000000.0,4750000000,14250000000,False
main:crochet:bounded:above_good:0036,crochet,bounded,above_good,9400000000,9500000000.0,4750000000,14250000000,False
main:crochet:bounded:above_good:0038,crochet,bounded,above_good,7800000000,9500000000.0,4750000000,14250000000,False
main:crochet:bounded:above_good:0039,crochet,bounded,above_good,8100000000,9500000000.0,4750000000,14250000000,False
main:crochet:bounded:above_good:0040,crochet,bounded,above_good,9200000000,9500000000.0,4750000000,14250000000,False
main:crochet:bounded:above_good:0043,crochet,bounded,above_good,11400000000,9500000000.0,4750000000,14250000000,False
main:crochet:bounded:above_good:0042,crochet,bounded,above_good,9500000000,9500000000.0,4750000000,14250000000,False
main:crochet:bounded:above_good:0041,crochet,bounded,above_good,8625000000,9500000000.0,4750000000,14250000000,False
main:crochet:bounded:above_good:0045,crochet,bounded,above_good,10100000000,9500000000.0,4750000000,14250000000,False
main:crochet:bounded:above_good:0044,crochet,bounded,above_good,9800000000,9500000000.0,4750000000,14250000000,False
main:crochet:bounded:above_good:0046,crochet,bounded,above_good,8500000000,9500000000.0,4750000000,14250000000,False
main:crochet:bounded:above_good:0047,crochet,bounded,above_good,7500000000,9500000000.0,4750000000,14250000000,False
main:crochet:bounded:above_good:0049,crochet,bounded,above_good,10200000000,9500000000.0,4750000000,14250000000,False
main:crochet:bounded:above_good:0048,crochet,bounded,above_good,10500000000,9500000000.0,4750000000,14250000000,False
main:crochet:bounded:below_good:0001,crochet,bounded,below_good,8100000000,9500000000.0,4750000000,14250000000,False
main:crochet:bounded:below_good:0000,crochet,bounded,below_good,9200000000,9500000000.0,4750000000,14250000000,False
main:crochet:bounded:below_good:0003,crochet,bounded,below_good,9300000000,9500000000.0,4750000000,14250000000,False
main:crochet:bounded:below_good:0004,crochet,bounded,below_good,7250000000,9500000000.0,4750000000,14250000000,False
main:crochet:bounded:below_good:0005,crochet,bounded,below_good,9075000000,9500000000.0,4750000000,14250000000,False
main:crochet:bounded:below_good:0006,crochet,bounded,below_good,7200000000,9500000000.0,4750000000,14250000000,False
main:crochet:bounded:below_good:0002,crochet,bounded,below_good,9500000000,9500000000.0,4750000000,14250000000,False
main:crochet:bounded:below_good:0007,crochet,bounded,below_good,7500000000,9500000000.0,4750000000,14250000000,False
main:crochet:bounded:below_good:0009,crochet,bounded,below_good,6750000000,9500000000.0,4750000000,14250000000,False
main:crochet:bounded:below_good:0008,crochet,bounded,below_good,9500000000,9500000000.0,4750000000,14250000000,False
main:crochet:bounded:below_good:0011,crochet,bounded,below_good,9612000000,9500000000.0,4750000000,14250000000,False
main:crochet:bounded:below_good:0010,crochet,bounded,below_good,8000000000,9500000000.0,4750000000,14250000000,False
main:crochet:bounded:below_good:0013,crochet,bounded,below_good,9500000000,9500000000.0,4750000000,14250000000,False
main:crochet:bounded:below_good:0012,crochet,bounded,below_good,7470000000,9500000000.0,4750000000,14250000000,False
main:crochet:bounded:below_good:0016,crochet,bounded,below_good,10200000000,9500000000.0,4750000000,14250000000,False
main:crochet:bounded:below_good:0017,crochet,bounded,below_good,8500000000,9500000000.0,4750000000,14250000000,False
main:crochet:bounded:below_good:0018,crochet,bounded,below_good,9500000000,9500000000.0,4750000000,14250000000,False
main:crochet:bounded:below_good:0015,crochet,bounded,below_good,8900000000,9500000000.0,4750000000,14250000000,False
main:crochet:bounded:below_good:0019,crochet,bounded,below_good,10000000000,9500000000.0,4750000000,14250000000,False
main:crochet:bounded:below_good:0020,crochet,bounded,below_good,5200000000,9500000000.0,4750000000,14250000000,False
main:crochet:bounded:below_good:0022,crochet,bounded,below_good,9350000000,9500000000.0,4750000000,14250000000,False
main:crochet:bounded:below_good:0023,crochet,bounded,below_good,6500000000,9500000000.0,4750000000,14250000000,False
main:crochet:bounded:below_good:0021,crochet,bounded,below_good,9800000000,9500000000.0,4750000000,14250000000,False
main:crochet:bounded:below_good:0024,crochet,bounded,below_good,8700000000,9500000000.0,4750000000,14250000000,False
main:crochet:bounded:below_good:0025,crochet,bounded,below_good,6250000000,9500000000.0,4750000000,14250000000,False
main:crochet:bounded:below_good:0026,crochet,bounded,below_good,7200000000,9500000000.0,4750000000,14250000000,False
main:crochet:bounded:below_good:0014,crochet,bounded,below_good,7290000000,9500000000.0,4750000000,14250000000,False
main:crochet:bounded:below_good:0028,crochet,bounded,below_good,9500000000,9500000000.0,4750000000,14250000000,False
main:crochet:bounded:below_good:0029,crochet,bounded,below_good,9100000000,9500000000.0,4750000000,14250000000,False
main:crochet:bounded:below_good:0027,crochet,bounded,below_good,7850000000,9500000000.0,4750000000,14250000000,False
main:crochet:bounded:below_good:0031,crochet,bounded,below_good,11200000000,9500000000.0,4750000000,14250000000,False
main:crochet:bounded:below_good:0030,crochet,bounded,below_good,8500000000,9500000000.0,4750000000,14250000000,False
main:crochet:bounded:below_good:0032,crochet,bounded,below_good,9450000000,9500000000.0,4750000000,14250000000,False
main:crochet:bounded:below_good:0033,crochet,bounded,below_good,8100000000,9500000000.0,4750000000,14250000000,False
main:crochet:bounded:below_good:0035,crochet,bounded,below_good,8945000000,9500000000.0,4750000000,14250000000,False
main:crochet:bounded:below_good:0037,crochet,bounded,below_good,7590000000,9500000000.0,4750000000,14250000000,False
main:crochet:bounded:below_good:0038,crochet,bounded,below_good,7850000000,9500000000.0,4750000000,14250000000,False
main:crochet:bounded:below_good:0036,crochet,bounded,below_good,8750000000,9500000000.0,4750000000,14250000000,False
main:crochet:bounded:below_good:0039,crochet,bounded,below_good,7850000000,9500000000.0,4750000000,14250000000,False
main:crochet:bounded:below_good:0040,crochet,bounded,below_good,8500000000,9500000000.0,4750000000,14250000000,False
main:crochet:bounded:below_good:0042,crochet,bounded,below_good,7800000000,9500000000.0,4750000000,14250000000,False
main:crochet:bounded:below_good:0043,crochet,bounded,below_good,9200000000,9500000000.0,4750000000,14250000000,False
main:crochet:bounded:below_good:0034,crochet,bounded,below_good,7500000000,9500000000.0,4750000000,14250000000,False
main:crochet:bounded:below_good:0044,crochet,bounded,below_good,7100000000,9500000000.0,4750000000,14250000000,False
main:crochet:bounded:below_good:0041,crochet,bounded,below_good,7000000000,9500000000.0,4750000000,14250000000,False
main:crochet:bounded:below_good:0046,crochet,bounded,below_good,10200000000,9500000000.0,4750000000,14250000000,False
main:crochet:bounded:below_good:0045,crochet,bounded,below_good,11000000000,9500000000.0,4750000000,14250000000,False
main:crochet:bounded:below_good:0048,crochet,bounded,below_good,8750000000,9500000000.0,4750000000,14250000000,False
main:crochet:bounded:below_good:0047,crochet,bounded,below_good,9250000000,9500000000.0,4750000000,14250000000,False
main:crochet:bounded:below_good:0049,crochet,bounded,below_good,9200000000,9500000000.0,4750000000,14250000000,False
main:tbc:unrestricted:baseline:0000,tbc,unrestricted,baseline,1320,1290.0,,,False
main:tbc:unrestricted:baseline:0002,tbc,unrestricted,baseline,1950,1290.0,,,False
main:tbc:unrestricted:baseline:0003,tbc,unrestricted,baseline,2450,1290.0,,,False
main:tbc:unrestricted:baseline:0001,tbc,unrestricted,baseline,1500,1290.0,,,False
main:tbc:unrestricted:baseline:0005,tbc,unrestricted,baseline,482,1290.0,,,False
main:tbc:unrestricted:baseline:0004,tbc,unrestricted,baseline,2200,1290.0,,,False
main:tbc:unrestricted:baseline:0008,tbc,unrestricted,baseline,1770,1290.0,,,False
main:tbc:unrestricted:baseline:0009,tbc,unrestricted,baseline,780,1290.0,,,False
main:tbc:unrestricted:baseline:0006,tbc,unrestricted,baseline,815,1290.0,,,False
main:tbc:unrestricted:baseline:0007,tbc,unrestricted,baseline,1800,1290.0,,,False
main:tbc:unrestricted:baseline:0012,tbc,unrestricted,baseline,1850,1290.0,,,False
main:tbc:unrestricted:baseline:0010,tbc,unrestricted,baseline,2700,1290.0,,,False
main:tbc:unrestricted:baseline:0013,tbc,unrestricted,baseline,1950,1290.0,,,False
main:tbc:unrestricted:baseline:0015,tbc,unrestricted,baseline,1250,1290.0,,,False
main:tbc:unrestricted:baseline:0014,tbc,unrestricted,baseline,1800,1290.0,,,False
main:tbc:unrestricted:baseline:0011,tbc,unrestricted,baseline,1200,1290.0,,,False
main:tbc:unrestricted:baseline:0016,tbc,unrestricted,baseline,100,1290.0,,,False
main:tbc:unrestricted:baseline:0017,tbc,unrestricted,baseline,710,1290.0,,,False
main:tbc:unrestricted:baseline:0019,tbc,unrestricted,baseline,1280,1290.0,,,False
main:tbc:unrestricted:baseline:0018,tbc,unrestricted,baseline,1300,1290.0,,,False
main:tbc:unrestricted:baseline:0020,tbc,unrestricted,baseline,1450,1290.0,,,False
main:tbc:unrestricted:baseline:0023,tbc,unrestricted,baseline,2200,1290.0,,,False
main:tbc:unrestricted:baseline:0024,tbc,unrestricted,baseline,1800,1290.0,,,False
main:tbc:unrestricted:baseline:0022,tbc,unrestricted,baseline,1550,1290.0,,,False
main:tbc:unrestricted:baseline:0021,tbc,unrestricted,baseline,2000,1290.0,,,False
main:tbc:unrestricted:baseline:0026,tbc,unrestricted,baseline,720,1290.0,,,False
main:tbc:unrestricted:baseline:0027,tbc,unrestricted,baseline,80,1290.0,,,False
main:tbc:unrestricted:baseline:0028,tbc,unrestricted,baseline,950,1290.0,,,False
main:tbc:unrestricted:baseline:0025,tbc,unrestricted,baseline,1500,1290.0,,,False
main:tbc:unrestricted:baseline:0029,tbc,unrestricted,baseline,2000,1290.0,,,False
main:tbc:unrestricted:baseline:0031,tbc,unrestricted,baseline,1181,1290.0,,,False
main:tbc:unrestricted:baseline:0030,tbc,unrestricted,baseline,250,1290.0,,,False
main:tbc:unrestricted:baseline:0033,tbc,unrestricted,baseline,980,1290.0,,,False
main:tbc:unrestricted:baseline:0035,tbc,unrestricted,baseline,540,1290.0,,,False
main:tbc:unrestricted:baseline:0036,tbc,unrestricted,baseline,590,1290.0,,,False
main:tbc:unrestricted:baseline:0032,tbc,unrestricted,baseline,650,1290.0,,,False
main:tbc:unrestricted:baseline:0034,tbc,unrestricted,baseline,950,1290.0,,,False
main:tbc:unrestricted:baseline:0037,tbc,unrestricted,baseline,225,1290.0,,,False
main:tbc:unrestricted:baseline:0039,tbc,unrestricted,baseline,1050,1290.0,,,False
main:tbc:unrestricted:baseline:0040,tbc,unrestricted,baseline,340,1290.0,,,False
main:tbc:unrestricted:baseline:0038,tbc,unrestricted,baseline,1300,1290.0,,,False
main:tbc:unrestricted:baseline:0041,tbc,unrestricted,baseline,1450,1290.0,,,False
main:tbc:unrestricted:baseline:0044,tbc,unrestricted,baseline,150,1290.0,,,False
main:tbc:unrestricted:baseline:0045,tbc,unrestricted,baseline,1800,1290.0,,,False
main:tbc:unrestricted:baseline:0043,tbc,unrestricted,baseline,870,1290.0,,,False
main:tbc:unrestricted:baseline:0042,tbc,unrestricted,baseline,1680,1290.0,,,False
main:tbc:unrestricted:baseline:0047,tbc,unrestricted,baseline,1900,1290.0,,,False
main:tbc:unrestricted:baseline:0048,tbc,unrestricted,baseline,48,1290.0,,,False
main:tbc:unrestricted:baseline:0046,tbc,unrestricted,baseline,105,1290.0,,,False
main:tbc:unrestricted:baseline:0049,tbc,unrestricted,baseline,1400,1290.0,,,False
main:tbc:unrestricted:above_good:0003,tbc,unrestricted,above_good,1305,1290.0,,,False
main:tbc:unrestricted:above_good:0002,tbc,unrestricted,above_good,1280,1290.0,,,False
main:tbc:unrestricted:above_good:0001,tbc,unrestricted,above_good,1285,1290.0,,,False
main:tbc:unrestricted:above_good:0000,tbc,unrestricted,above_good,1285,1290.0,,,False
main:tbc:unrestricted:above_good:0004,tbc,unrestricted,above_good,1295,1290.0,,,False
main:tbc:unrestricted:above_good:0005,tbc,unrestricted,above_good,1288,1290.0,,,False
main:tbc:unrestricted:above_good:0007,tbc,unrestricted,above_good,1285,1290.0,,,False
main:tbc:unrestricted:above_good:0008,tbc,unrestricted,above_good,1280,1290.0,,,False
main:tbc:unrestricted:above_good:0009,tbc,unrestricted,above_good,1290,1290.0,,,False
main:tbc:unrestricted:above_good:0006,tbc,unrestricted,above_good,1285,1290.0,,,False
main:tbc:unrestricted:above_good:0010,tbc,unrestricted,above_good,1318,1290.0,,,False
main:tbc:unrestricted:above_good:0013,tbc,unrestricted,above_good,1285,1290.0,,,False
main:tbc:unrestricted:above_good:0012,tbc,unrestricted,above_good,1285,1290.0,,,False
main:tbc:unrestricted:above_good:0011,tbc,unrestricted,above_good,1305,1290.0,,,False
main:tbc:unrestricted:above_good:0014,tbc,unrestricted,above_good,1284,1290.0,,,False
main:tbc:unrestricted:above_good:0015,tbc,unrestricted,above_good,1265,1290.0,,,False
main:tbc:unrestricted:above_good:0018,tbc,unrestricted,above_good,1290,1290.0,,,False
main:tbc:unrestricted:above_good:0020,tbc,unrestricted,above_good,1290,1290.0,,,False
main:tbc:unrestricted:above_good:0017,tbc,unrestricted,above_good,1290,1290.0,,,False
main:tbc:unrestricted:above_good:0019,tbc,unrestricted,above_good,1275,1290.0,,,False
main:tbc:unrestricted:above_good:0016,tbc,unrestricted,above_good,1292,1290.0,,,False
main:tbc:unrestricted:above_good:0021,tbc,unrestricted,above_good,1240,1290.0,,,False
main:tbc:unrestricted:above_good:0025,tbc,unrestricted,above_good,1290,1290.0,,,False
main:tbc:unrestricted:above_good:0022,tbc,unrestricted,above_good,1285,1290.0,,,False
main:tbc:unrestricted:above_good:0026,tbc,unrestricted,above_good,1300,1290.0,,,False
main:tbc:unrestricted:above_good:0023,tbc,unrestricted,above_good,1290,1290.0,,,False
main:tbc:unrestricted:above_good:0024,tbc,unrestricted,above_good,1312,1290.0,,,False
main:tbc:unrestricted:above_good:0028,tbc,unrestricted,above_good,1322,1290.0,,,False
main:tbc:unrestricted:above_good:0027,tbc,unrestricted,above_good,1210,1290.0,,,False
main:tbc:unrestricted:above_good:0030,tbc,unrestricted,above_good,1290,1290.0,,,False
main:tbc:unrestricted:above_good:0029,tbc,unrestricted,above_good,1290,1290.0,,,False
main:tbc:unrestricted:above_good:0031,tbc,unrestricted,above_good,1285,1290.0,,,False
main:tbc:unrestricted:above_good:0033,tbc,unrestricted,above_good,1285,1290.0,,,False
main:tbc:unrestricted:above_good:0032,tbc,unrestricted,above_good,1285,1290.0,,,False
main:tbc:unrestricted:above_good:0036,tbc,unrestricted,above_good,1260,1290.0,,,False
main:tbc:unrestricted:above_good:0034,tbc,unrestricted,above_good,1280,1290.0,,,False
main:tbc:unrestricted:above_good:0035,tbc,unrestricted,above_good,1280,1290.0,,,False
main:tbc:unrestricted:above_good:0037,tbc,unrestricted,above_good,1280,1290.0,,,False
main:tbc:unrestricted:above_good:0039,tbc,unrestricted,above_good,1295,1290.0,,,False
main:tbc:unrestricted:above_good:0038,tbc,unrestricted,above_good,1288,1290.0,,,False
main:tbc:unrestricted:above_good:0040,tbc,unrestricted,above_good,1290,1290.0,,,False
main:tbc:unrestricted:above_good:0043,tbc,unrestricted,above_good,1290,1290.0,,,False
main:tbc:unrestricted:above_good:0042,tbc,unrestricted,above_good,1282,1290.0,,,False
main:tbc:unrestricted:above_good:0041,tbc,unrestricted,above_good,1285,1290.0,,,False
main:tbc:unrestricted:above_good:0045,tbc,unrestricted,above_good,1287,1290.0,,,False
main:tbc:unrestricted:above_good:0046,tbc,unrestricted,above_good,1290,1290.0,,,False
main:tbc:unrestricted:above_good:0047,tbc,unrestricted,above_good,1285,1290.0,,,False
main:tbc:unrestricted:above_good:0044,tbc,unrestricted,above_good,480,1290.0,,,False
main:tbc:unrestricted:above_good:0048,tbc,unrestricted,above_good,2250,1290.0,,,False
main:tbc:unrestricted:above_good:0049,tbc,unrestricted,above_good,1295,1290.0,,,False
main:tbc:unrestricted:below_good:0000,tbc,unrestricted,below_good,1270,1290.0,,,False
main:tbc:unrestricted:below_good:0003,tbc,unrestricted,below_good,1295,1290.0,,,False
main:tbc:unrestricted:below_good:0001,tbc,unrestricted,below_good,1275,1290.0,,,False
main:tbc:unrestricted:below_good:0002,tbc,unrestricted,below_good,1284,1290.0,,,False
main:tbc:unrestricted:below_good:0005,tbc,unrestricted,below_good,1275,1290.0,,,False
main:tbc:unrestricted:below_good:0004,tbc,unrestricted,below_good,1300,1290.0,,,False
main:tbc:unrestricted:below_good:0008,tbc,unrestricted,below_good,1285,1290.0,,,False
main:tbc:unrestricted:below_good:0007,tbc,unrestricted,below_good,1280,1290.0,,,False
main:tbc:unrestricted:below_good:0009,tbc,unrestricted,below_good,1340,1290.0,,,False
main:tbc:unrestricted:below_good:0010,tbc,unrestricted,below_good,1275,1290.0,,,False
main:tbc:unrestricted:below_good:0006,tbc,unrestricted,below_good,1280,1290.0,,,False
main:tbc:unrestricted:below_good:0012,tbc,unrestricted,below_good,1285,1290.0,,,False
main:tbc:unrestricted:below_good:0011,tbc,unrestricted,below_good,1290,1290.0,,,False
main:tbc:unrestricted:below_good:0013,tbc,unrestricted,below_good,1080,1290.0,,,False
main:tbc:unrestricted:below_good:0015,tbc,unrestricted,below_good,820,1290.0,,,False
main:tbc:unrestricted:below_good:0017,tbc,unrestricted,below_good,1288,1290.0,,,False
main:tbc:unrestricted:below_good:0016,tbc,unrestricted,below_good,480,1290.0,,,False
main:tbc:unrestricted:below_good:0018,tbc,unrestricted,below_good,1280,1290.0,,,False
main:tbc:unrestricted:below_good:0014,tbc,unrestricted,below_good,1245,1290.0,,,False
main:tbc:unrestricted:below_good:0019,tbc,unrestricted,below_good,1420,1290.0,,,False
main:tbc:unrestricted:below_good:0020,tbc,unrestricted,below_good,1285,1290.0,,,False
main:tbc:unrestricted:below_good:0023,tbc,unrestricted,below_good,1290,1290.0,,,False
main:tbc:unrestricted:below_good:0021,tbc,unrestricted,below_good,1285,1290.0,,,False
main:tbc:unrestricted:below_good:0022,tbc,unrestricted,below_good,1300,1290.0,,,False
main:tbc:unrestricted:below_good:0025,tbc,unrestricted,below_good,1280,1290.0,,,False
main:tbc:unrestricted:below_good:0026,tbc,unrestricted,below_good,1285,1290.0,,,False
main:tbc:unrestricted:below_good:0027,tbc,unrestricted,below_good,3200,1290.0,,,False
main:tbc:unrestricted:below_good:0028,tbc,unrestricted,below_good,1224,1290.0,,,False
main:tbc:unrestricted:below_good:0030,tbc,unrestricted,below_good,1287,1290.0,,,False
main:tbc:unrestricted:below_good:0029,tbc,unrestricted,below_good,1285,1290.0,,,False
main:tbc:unrestricted:below_good:0033,tbc,unrestricted,below_good,810,1290.0,,,False
main:tbc:unrestricted:below_good:0024,tbc,unrestricted,below_good,1285,1290.0,,,False
main:tbc:unrestricted:below_good:0031,tbc,unrestricted,below_good,1100,1290.0,,,False
main:tbc:unrestricted:below_good:0035,tbc,unrestricted,below_good,1050,1290.0,,,False
main:tbc:unrestricted:below_good:0037,tbc,unrestricted,below_good,1305,1290.0,,,False
main:tbc:unrestricted:below_good:0034,tbc,unrestricted,below_good,1285,1290.0,,,False
main:tbc:unrestricted:below_good:0032,tbc,unrestricted,below_good,940,1290.0,,,False
main:tbc:unrestricted:below_good:0036,tbc,unrestricted,below_good,1150,1290.0,,,False
main:tbc:unrestricted:below_good:0040,tbc,unrestricted,below_good,1290,1290.0,,,False
main:tbc:unrestricted:below_good:0038,tbc,unrestricted,below_good,1180,1290.0,,,False
main:tbc:unrestricted:below_good:0039,tbc,unrestricted,below_good,1290,1290.0,,,False
main:tbc:unrestricted:below_good:0041,tbc,unrestricted,below_good,1260,1290.0,,,False
main:tbc:unrestricted:below_good:0043,tbc,unrestricted,below_good,1315,1290.0,,,False
main:tbc:unrestricted:below_good:0044,tbc,unrestricted,below_good,1215,1290.0,,,False
main:tbc:unrestricted:below_good:0042,tbc,unrestricted,below_good,1875,1290.0,,,False
main:tbc:unrestricted:below_good:0045,tbc,unrestricted,below_good,1290,1290.0,,,False
main:tbc:unrestricted:below_good:0048,tbc,unrestricted,below_good,1290,1290.0,,,False
main:tbc:unrestricted:below_good:0049,tbc,unrestricted,below_good,1220,1290.0,,,False
main:tbc:unrestricted:below_good:0046,tbc,unrestricted,below_good,1285,1290.0,,,False
main:tbc:unrestricted:below_good:0047,tbc,unrestricted,below_good,890,1290.0,,,False
main:tbc:bounded:baseline:0003,tbc,bounded,baseline,1290,1290.0,645,1935,False
main:tbc:bounded:baseline:0000,tbc,bounded,baseline,1438,1290.0,645,1935,False
main:tbc:bounded:baseline:0002,tbc,bounded,baseline,1135,1290.0,645,1935,False
main:tbc:bounded:baseline:0001,tbc,bounded,baseline,1290,1290.0,645,1935,False
main:tbc:bounded:baseline:0005,tbc,bounded,baseline,1290,1290.0,645,1935,False
main:tbc:bounded:baseline:0004,tbc,bounded,baseline,1040,1290.0,645,1935,False
main:tbc:bounded:baseline:0006,tbc,bounded,baseline,1285,1290.0,645,1935,False
main:tbc:bounded:baseline:0007,tbc,bounded,baseline,1280,1290.0,645,1935,False
main:tbc:bounded:baseline:0008,tbc,bounded,baseline,1350,1290.0,645,1935,False
main:tbc:bounded:baseline:0011,tbc,bounded,baseline,1500,1290.0,645,1935,False
main:tbc:bounded:baseline:0010,tbc,bounded,baseline,1290,1290.0,645,1935,False
main:tbc:bounded:baseline:0009,tbc,bounded,baseline,1462,1290.0,645,1935,False
main:tbc:bounded:baseline:0015,tbc,bounded,baseline,1150,1290.0,645,1935,False
main:tbc:bounded:baseline:0012,tbc,bounded,baseline,1440,1290.0,645,1935,False
main:tbc:bounded:baseline:0014,tbc,bounded,baseline,920,1290.0,645,1935,False
main:tbc:bounded:baseline:0013,tbc,bounded,baseline,1420,1290.0,645,1935,False
main:tbc:bounded:baseline:0016,tbc,bounded,baseline,1042,1290.0,645,1935,False
main:tbc:bounded:baseline:0018,tbc,bounded,baseline,1350,1290.0,645,1935,False
main:tbc:bounded:baseline:0017,tbc,bounded,baseline,1600,1290.0,645,1935,False
main:tbc:bounded:baseline:0019,tbc,bounded,baseline,1130,1290.0,645,1935,False
main:tbc:bounded:baseline:0020,tbc,bounded,baseline,1480,1290.0,645,1935,False
main:tbc:bounded:baseline:0023,tbc,bounded,baseline,1350,1290.0,645,1935,False
main:tbc:bounded:baseline:0024,tbc,bounded,baseline,1310,1290.0,645,1935,False
main:tbc:bounded:baseline:0022,tbc,bounded,baseline,1290,1290.0,645,1935,False
main:tbc:bounded:baseline:0026,tbc,bounded,baseline,1225,1290.0,645,1935,False
main:tbc:bounded:baseline:0027,tbc,bounded,baseline,982,1290.0,645,1935,False
main:tbc:bounded:baseline:0021,tbc,bounded,baseline,1290,1290.0,645,1935,False
main:tbc:bounded:baseline:0028,tbc,bounded,baseline,1250,1290.0,645,1935,False
main:tbc:bounded:baseline:0025,tbc,bounded,baseline,1490,1290.0,645,1935,False
main:tbc:bounded:baseline:0031,tbc,bounded,baseline,1044,1290.0,645,1935,False
main:tbc:bounded:baseline:0032,tbc,bounded,baseline,1393,1290.0,645,1935,False
main:tbc:bounded:baseline:0029,tbc,bounded,baseline,1350,1290.0,645,1935,False
main:tbc:bounded:baseline:0033,tbc,bounded,baseline,850,1290.0,645,1935,False
main:tbc:bounded:baseline:0030,tbc,bounded,baseline,1327,1290.0,645,1935,False
main:tbc:bounded:baseline:0035,tbc,bounded,baseline,975,1290.0,645,1935,False
main:tbc:bounded:baseline:0036,tbc,bounded,baseline,1180,1290.0,645,1935,False
main:tbc:bounded:baseline:0039,tbc,bounded,baseline,1425,1290.0,645,1935,False
main:tbc:bounded:baseline:0034,tbc,bounded,baseline,1290,1290.0,645,1935,False
main:tbc:bounded:baseline:0038,tbc,bounded,baseline,1300,1290.0,645,1935,False
main:tbc:bounded:baseline:0040,tbc,bounded,baseline,1150,1290.0,645,1935,False
main:tbc:bounded:baseline:0041,tbc,bounded,baseline,1290,1290.0,645,1935,False
main:tbc:bounded:baseline:0042,tbc,bounded,baseline,1450,1290.0,645,1935,False
main:tbc:bounded:baseline:0037,tbc,bounded,baseline,1150,1290.0,645,1935,False
main:tbc:bounded:baseline:0043,tbc,bounded,baseline,1331,1290.0,645,1935,False
main:tbc:bounded:baseline:0046,tbc,bounded,baseline,1450,1290.0,645,1935,False
main:tbc:bounded:baseline:0044,tbc,bounded,baseline,1350,1290.0,645,1935,False
main:tbc:bounded:baseline:0047,tbc,bounded,baseline,1290,1290.0,645,1935,False
main:tbc:bounded:baseline:0045,tbc,bounded,baseline,1150,1290.0,645,1935,False
main:tbc:bounded:baseline:0049,tbc,bounded,baseline,1020,1290.0,645,1935,False
main:tbc:bounded:baseline:0048,tbc,bounded,baseline,1350,1290.0,645,1935,False
main:tbc:bounded:above_good:0002,tbc,bounded,above_good,1290,1290.0,645,1935,False
main:tbc:bounded:above_good:0003,tbc,bounded,above_good,1290,1290.0,645,1935,False
main:tbc:bounded:above_good:0000,tbc,bounded,above_good,1180,1290.0,645,1935,False
main:tbc:bounded:above_good:0001,tbc,bounded,above_good,1180,1290.0,645,1935,False
main:tbc:bounded:above_good:0005,tbc,bounded,above_good,1290,1290.0,645,1935,False
main:tbc:bounded:above_good:0007,tbc,bounded,above_good,1290,1290.0,645,1935,False
main:tbc:bounded:above_good:0004,tbc,bounded,above_good,1730,1290.0,645,1935,False
main:tbc:bounded:above_good:0006,tbc,bounded,above_good,1350,1290.0,645,1935,False
main:tbc:bounded:above_good:0008,tbc,bounded,above_good,1287,1290.0,645,1935,False
main:tbc:bounded:above_good:0011,tbc,bounded,above_good,1350,1290.0,645,1935,False
main:tbc:bounded:above_good:0009,tbc,bounded,above_good,1290,1290.0,645,1935,False
main:tbc:bounded:above_good:0012,tbc,bounded,above_good,1320,1290.0,645,1935,False
main:tbc:bounded:above_good:0010,tbc,bounded,above_good,1290,1290.0,645,1935,False
main:tbc:bounded:above_good:0014,tbc,bounded,above_good,1285,1290.0,645,1935,False
main:tbc:bounded:above_good:0013,tbc,bounded,above_good,1425,1290.0,645,1935,False
main:tbc:bounded:above_good:0017,tbc,bounded,above_good,1385,1290.0,645,1935,False
main:tbc:bounded:above_good:0015,tbc,bounded,above_good,1250,1290.0,645,1935,False
main:tbc:bounded:above_good:0016,tbc,bounded,above_good,1288,1290.0,645,1935,False
main:tbc:bounded:above_good:0020,tbc,bounded,above_good,1280,1290.0,645,1935,False
main:tbc:bounded:above_good:0018,tbc,bounded,above_good,1285,1290.0,645,1935,False
main:tbc:bounded:above_good:0021,tbc,bounded,above_good,1265,1290.0,645,1935,False
main:tbc:bounded:above_good:0019,tbc,bounded,above_good,1220,1290.0,645,1935,False
main:tbc:bounded:above_good:0024,tbc,bounded,above_good,1200,1290.0,645,1935,False
main:tbc:bounded:above_good:0022,tbc,bounded,above_good,1387,1290.0,645,1935,False
main:tbc:bounded:above_good:0023,tbc,bounded,above_good,1385,1290.0,645,1935,False
main:tbc:bounded:above_good:0026,tbc,bounded,above_good,1290,1290.0,645,1935,False
main:tbc:bounded:above_good:0028,tbc,bounded,above_good,1280,1290.0,645,1935,False
main:tbc:bounded:above_good:0025,tbc,bounded,above_good,1180,1290.0,645,1935,False
main:tbc:bounded:above_good:0029,tbc,bounded,above_good,1315,1290.0,645,1935,False
main:tbc:bounded:above_good:0030,tbc,bounded,above_good,1295,1290.0,645,1935,False
main:tbc:bounded:above_good:0027,tbc,bounded,above_good,1290,1290.0,645,1935,False
main:tbc:bounded:above_good:0032,tbc,bounded,above_good,1310,1290.0,645,1935,False
main:tbc:bounded:above_good:0031,tbc,bounded,above_good,1290,1290.0,645,1935,False
main:tbc:bounded:above_good:0035,tbc,bounded,above_good,1280,1290.0,645,1935,False
main:tbc:bounded:above_good:0034,tbc,bounded,above_good,1290,1290.0,645,1935,False
main:tbc:bounded:above_good:0033,tbc,bounded,above_good,1290,1290.0,645,1935,False
main:tbc:bounded:above_good:0036,tbc,bounded,above_good,1310,1290.0,645,1935,False
main:tbc:bounded:above_good:0037,tbc,bounded,above_good,1275,1290.0,645,1935,False
main:tbc:bounded:above_good:0039,tbc,bounded,above_good,1288,1290.0,645,1935,False
main:tbc:bounded:above_good:0038,tbc,bounded,above_good,1289,1290.0,645,1935,False
main:tbc:bounded:above_good:0040,tbc,bounded,above_good,1290,1290.0,645,1935,False
main:tbc:bounded:above_good:0041,tbc,bounded,above_good,1285,1290.0,645,1935,False
main:tbc:bounded:above_good:0043,tbc,bounded,above_good,1285,1290.0,645,1935,False
main:tbc:bounded:above_good:0042,tbc,bounded,above_good,1340,1290.0,645,1935,False
main:tbc:bounded:above_good:0044,tbc,bounded,above_good,1290,1290.0,645,1935,False
main:tbc:bounded:above_good:0046,tbc,bounded,above_good,1350,1290.0,645,1935,False
main:tbc:bounded:above_good:0045,tbc,bounded,above_good,1285,1290.0,645,1935,False
main:tbc:bounded:above_good:0048,tbc,bounded,above_good,1290,1290.0,645,1935,False
main:tbc:bounded:above_good:0047,tbc,bounded,above_good,1000,1290.0,645,1935,False
main:tbc:bounded:above_good:0049,tbc,bounded,above_good,1290,1290.0,645,1935,False
main:tbc:bounded:below_good:0000,tbc,bounded,below_good,1150,1290.0,645,1935,False
main:tbc:bounded:below_good:0001,tbc,bounded,below_good,1280,1290.0,645,1935,False
main:tbc:bounded:below_good:0003,tbc,bounded,below_good,1680,1290.0,645,1935,False
main:tbc:bounded:below_good:0002,tbc,bounded,below_good,1287,1290.0,645,1935,False
main:tbc:bounded:below_good:0004,tbc,bounded,below_good,1430,1290.0,645,1935,False
main:tbc:bounded:below_good:0007,tbc,bounded,below_good,1200,1290.0,645,1935,False
main:tbc:bounded:below_good:0006,tbc,bounded,below_good,1425,1290.0,645,1935,False
main:tbc:bounded:below_good:0005,tbc,bounded,below_good,1250,1290.0,645,1935,False
main:tbc:bounded:below_good:0010,tbc,bounded,below_good,1150,1290.0,645,1935,False
main:tbc:bounded:below_good:0009,tbc,bounded,below_good,1285,1290.0,645,1935,False
main:tbc:bounded:below_good:0008,tbc,bounded,below_good,1275,1290.0,645,1935,False
main:tbc:bounded:below_good:0011,tbc,bounded,below_good,919,1290.0,645,1935,False
main:tbc:bounded:below_good:0012,tbc,bounded,below_good,1350,1290.0,645,1935,False
main:tbc:bounded:below_good:0013,tbc,bounded,below_good,1050,1290.0,645,1935,False
main:tbc:bounded:below_good:0015,tbc,bounded,below_good,1340,1290.0,645,1935,False
main:tbc:bounded:below_good:0014,tbc,bounded,below_good,1285,1290.0,645,1935,False
main:tbc:bounded:below_good:0016,tbc,bounded,below_good,1275,1290.0,645,1935,False
main:tbc:bounded:below_good:0018,tbc,bounded,below_good,1425,1290.0,645,1935,False
main:tbc:bounded:below_good:0019,tbc,bounded,below_good,1250,1290.0,645,1935,False
main:tbc:bounded:below_good:0017,tbc,bounded,below_good,1287,1290.0,645,1935,False
main:tbc:bounded:below_good:0022,tbc,bounded,below_good,1180,1290.0,645,1935,False
main:tbc:bounded:below_good:0023,tbc,bounded,below_good,1200,1290.0,645,1935,False
main:tbc:bounded:below_good:0021,tbc,bounded,below_good,1290,1290.0,645,1935,False
main:tbc:bounded:below_good:0025,tbc,bounded,below_good,1240,1290.0,645,1935,False
main:tbc:bounded:below_good:0027,tbc,bounded,below_good,1265,1290.0,645,1935,False
main:tbc:bounded:below_good:0024,tbc,bounded,below_good,1250,1290.0,645,1935,False
main:tbc:bounded:below_good:0026,tbc,bounded,below_good,1287,1290.0,645,1935,False
main:tbc:bounded:below_good:0028,tbc,bounded,below_good,1210,1290.0,645,1935,False
main:tbc:bounded:below_good:0030,tbc,bounded,below_good,1285,1290.0,645,1935,False
main:tbc:bounded:below_good:0029,tbc,bounded,below_good,1588,1290.0,645,1935,False
main:tbc:bounded:below_good:0031,tbc,bounded,below_good,1280,1290.0,645,1935,False
main:tbc:bounded:below_good:0033,tbc,bounded,below_good,1210,1290.0,645,1935,False
main:tbc:bounded:below_good:0032,tbc,bounded,below_good,1290,1290.0,645,1935,False
main:tbc:bounded:below_good:0034,tbc,bounded,below_good,1285,1290.0,645,1935,False
main:tbc:bounded:below_good:0035,tbc,bounded,below_good,980,1290.0,645,1935,False
main:tbc:bounded:below_good:0036,tbc,bounded,below_good,1250,1290.0,645,1935,False
main:tbc:bounded:below_good:0038,tbc,bounded,below_good,1285,1290.0,645,1935,False
main:tbc:bounded:below_good:0039,tbc,bounded,below_good,1215,1290.0,645,1935,False
main:tbc:bounded:below_good:0037,tbc,bounded,below_good,1285,1290.0,645,1935,False
main:tbc:bounded:below_good:0041,tbc,bounded,below_good,1320,1290.0,645,1935,False
main:tbc:bounded:below_good:0042,tbc,bounded,below_good,1290,1290.0,645,1935,False
main:tbc:bounded:below_good:0044,tbc,bounded,below_good,1350,1290.0,645,1935,False
main:tbc:bounded:below_good:0043,tbc,bounded,below_good,1260,1290.0,645,1935,False
main:tbc:bounded:below_good:0045,tbc,bounded,below_good,1280,1290.0,645,1935,False
main:tbc:bounded:below_good:0046,tbc,bounded,below_good,1050,1290.0,645,1935,False
main:tbc:bounded:below_good:0040,tbc,bounded,below_good,1210,1290.0,645,1935,False
main:tbc:bounded:below_good:0047,tbc,bounded,below_good,812,1290.0,645,1935,False
main:tbc:bounded:below_good:0049,tbc,bounded,below_good,1050,1290.0,645,1935,False
main:tbc:bounded:below_good:0048,tbc,bounded,below_good,1250,1290.0,645,1935,False
main:maiden:unrestricted:baseline:0003,maiden,unrestricted,baseline,1291000,3950000.0,,,False
main:maiden:unrestricted:baseline:0002,maiden,unrestricted,baseline,5460000,3950000.0,,,False
main:maiden:unrestricted:baseline:0000,maiden,unrestricted,baseline,9400000,3950000.0,,,False
main:maiden:unrestricted:baseline:0004,maiden,unrestricted,baseline,2100000,3950000.0,,,False
main:maiden:unrestricted:baseline:0001,maiden,unrestricted,baseline,9348040,3950000.0,,,False
main:maiden:unrestricted:baseline:0006,maiden,unrestricted,baseline,2680000,3950000.0,,,False
main:maiden:unrestricted:baseline:0007,maiden,unrestricted,baseline,4450000,3950000.0,,,False
main:maiden:unrestricted:baseline:0010,maiden,unrestricted,baseline,2400000,3950000.0,,,False
main:maiden:unrestricted:baseline:0009,maiden,unrestricted,baseline,3217561,3950000.0,,,False
main:maiden:unrestricted:baseline:0005,maiden,unrestricted,baseline,2430000,3950000.0,,,False
main:maiden:unrestricted:baseline:0011,maiden,unrestricted,baseline,5670000,3950000.0,,,False
main:maiden:unrestricted:baseline:0013,maiden,unrestricted,baseline,5400000,3950000.0,,,False
main:maiden:unrestricted:baseline:0008,maiden,unrestricted,baseline,11300000,3950000.0,,,False
main:maiden:unrestricted:baseline:0012,maiden,unrestricted,baseline,8300000,3950000.0,,,False
main:maiden:unrestricted:baseline:0014,maiden,unrestricted,baseline,4700000,3950000.0,,,False
main:maiden:unrestricted:baseline:0015,maiden,unrestricted,baseline,5000000,3950000.0,,,False
main:maiden:unrestricted:baseline:0016,maiden,unrestricted,baseline,2500000,3950000.0,,,False
main:maiden:unrestricted:baseline:0017,maiden,unrestricted,baseline,8300000,3950000.0,,,False
main:maiden:unrestricted:baseline:0018,maiden,unrestricted,baseline,2470000,3950000.0,,,False
main:maiden:unrestricted:baseline:0019,maiden,unrestricted,baseline,3090467,3950000.0,,,False
main:maiden:unrestricted:baseline:0022,maiden,unrestricted,baseline,3360000,3950000.0,,,False
main:maiden:unrestricted:baseline:0023,maiden,unrestricted,baseline,3300000,3950000.0,,,False
main:maiden:unrestricted:baseline:0020,maiden,unrestricted,baseline,4330000,3950000.0,,,False
main:maiden:unrestricted:baseline:0024,maiden,unrestricted,baseline,3500000,3950000.0,,,False
main:maiden:unrestricted:baseline:0025,maiden,unrestricted,baseline,2522000,3950000.0,,,False
main:maiden:unrestricted:baseline:0021,maiden,unrestricted,baseline,10000000,3950000.0,,,False
main:maiden:unrestricted:baseline:0026,maiden,unrestricted,baseline,3000000,3950000.0,,,False
main:maiden:unrestricted:baseline:0027,maiden,unrestricted,baseline,4380320,3950000.0,,,False
main:maiden:unrestricted:baseline:0030,maiden,unrestricted,baseline,8070000,3950000.0,,,False
main:maiden:unrestricted:baseline:0028,maiden,unrestricted,baseline,2588000,3950000.0,,,False
main:maiden:unrestricted:baseline:0029,maiden,unrestricted,baseline,3900000,3950000.0,,,False
main:maiden:unrestricted:baseline:0031,maiden,unrestricted,baseline,4500000,3950000.0,,,False
main:maiden:unrestricted:baseline:0032,maiden,unrestricted,baseline,4000000,3950000.0,,,False
main:maiden:unrestricted:baseline:0033,maiden,unrestricted,baseline,3092000,3950000.0,,,False
main:maiden:unrestricted:baseline:0036,maiden,unrestricted,baseline,3840000,3950000.0,,,False
main:maiden:unrestricted:baseline:0035,maiden,unrestricted,baseline,5120000,3950000.0,,,False
main:maiden:unrestricted:baseline:0034,maiden,unrestricted,baseline,3408510,3950000.0,,,False
main:maiden:unrestricted:baseline:0037,maiden,unrestricted,baseline,2060000,3950000.0,,,False
main:maiden:unrestricted:baseline:0038,maiden,unrestricted,baseline,3400000,3950000.0,,,False
main:maiden:unrestricted:baseline:0040,maiden,unrestricted,baseline,8546821,3950000.0,,,False
main:maiden:unrestricted:baseline:0042,maiden,unrestricted,baseline,4336764,3950000.0,,,False
main:maiden:unrestricted:baseline:0041,maiden,unrestricted,baseline,1440000,3950000.0,,,False
main:maiden:unrestricted:baseline:0043,maiden,unrestricted,baseline,5500000,3950000.0,,,False
main:maiden:unrestricted:baseline:0039,maiden,unrestricted,baseline,10800000,3950000.0,,,False
main:maiden:unrestricted:baseline:0045,maiden,unrestricted,baseline,3300000,3950000.0,,,False
main:maiden:unrestricted:baseline:0046,maiden,unrestricted,baseline,3000000,3950000.0,,,False
main:maiden:unrestricted:baseline:0044,maiden,unrestricted,baseline,4700000,3950000.0,,,False
main:maiden:unrestricted:baseline:0047,maiden,unrestricted,baseline,2150000,3950000.0,,,False
main:maiden:unrestricted:baseline:0048,maiden,unrestricted,baseline,5850000,3950000.0,,,False
main:maiden:unrestricted:baseline:0049,maiden,unrestricted,baseline,4061181,3950000.0,,,False
main:maiden:unrestricted:above_good:0001,maiden,unrestricted,above_good,2975000,3950000.0,,,False
main:maiden:unrestricted:above_good:0002,maiden,unrestricted,above_good,5250000,3950000.0,,,False
main:maiden:unrestricted:above_good:0003,maiden,unrestricted,above_good,3360000,3950000.0,,,False
main:maiden:unrestricted:above_good:0004,maiden,unrestricted,above_good,3965000,3950000.0,,,False
main:maiden:unrestricted:above_good:0000,maiden,unrestricted,above_good,3942000,3950000.0,,,False
main:maiden:unrestricted:above_good:0006,maiden,unrestricted,above_good,4125000,3950000.0,,,False
main:maiden:unrestricted:above_good:0005,maiden,unrestricted,above_good,7800000,3950000.0,,,False
main:maiden:unrestricted:above_good:0009,maiden,unrestricted,above_good,9600000,3950000.0,,,False
main:maiden:unrestricted:above_good:0008,maiden,unrestricted,above_good,6150000,3950000.0,,,False
main:maiden:unrestricted:above_good:0007,maiden,unrestricted,above_good,4850000,3950000.0,,,False
main:maiden:unrestricted:above_good:0010,maiden,unrestricted,above_good,6070000,3950000.0,,,False
main:maiden:unrestricted:above_good:0011,maiden,unrestricted,above_good,4006000,3950000.0,,,False
main:maiden:unrestricted:above_good:0014,maiden,unrestricted,above_good,3650000,3950000.0,,,False
main:maiden:unrestricted:above_good:0012,maiden,unrestricted,above_good,4910000,3950000.0,,,False
main:maiden:unrestricted:above_good:0013,maiden,unrestricted,above_good,3958000,3950000.0,,,False
main:maiden:unrestricted:above_good:0015,maiden,unrestricted,above_good,4140000,3950000.0,,,False
main:maiden:unrestricted:above_good:0016,maiden,unrestricted,above_good,6570000,3950000.0,,,False
main:maiden:unrestricted:above_good:0019,maiden,unrestricted,above_good,6370000,3950000.0,,,False
main:maiden:unrestricted:above_good:0017,maiden,unrestricted,above_good,7800000,3950000.0,,,False
main:maiden:unrestricted:above_good:0020,maiden,unrestricted,above_good,6651800,3950000.0,,,False
main:maiden:unrestricted:above_good:0018,maiden,unrestricted,above_good,3090000,3950000.0,,,False
main:maiden:unrestricted:above_good:0021,maiden,unrestricted,above_good,4150000,3950000.0,,,False
main:maiden:unrestricted:above_good:0023,maiden,unrestricted,above_good,3950000,3950000.0,,,False
main:maiden:unrestricted:above_good:0022,maiden,unrestricted,above_good,3770000,3950000.0,,,False
main:maiden:unrestricted:above_good:0025,maiden,unrestricted,above_good,5925000,3950000.0,,,False
main:maiden:unrestricted:above_good:0028,maiden,unrestricted,above_good,4050000,3950000.0,,,False
main:maiden:unrestricted:above_good:0027,maiden,unrestricted,above_good,3782150,3950000.0,,,False
main:maiden:unrestricted:above_good:0026,maiden,unrestricted,above_good,3974000,3950000.0,,,False
main:maiden:unrestricted:above_good:0029,maiden,unrestricted,above_good,4300000,3950000.0,,,False
main:maiden:unrestricted:above_good:0030,maiden,unrestricted,above_good,3940000,3950000.0,,,False
main:maiden:unrestricted:above_good:0032,maiden,unrestricted,above_good,4150000,3950000.0,,,False
main:maiden:unrestricted:above_good:0031,maiden,unrestricted,above_good,4484000,3950000.0,,,False
main:maiden:unrestricted:above_good:0024,maiden,unrestricted,above_good,3942000,3950000.0,,,False
main:maiden:unrestricted:above_good:0034,maiden,unrestricted,above_good,1490000,3950000.0,,,False
main:maiden:unrestricted:above_good:0035,maiden,unrestricted,above_good,3840000,3950000.0,,,False
main:maiden:unrestricted:above_good:0033,maiden,unrestricted,above_good,4417000,3950000.0,,,False
main:maiden:unrestricted:above_good:0036,maiden,unrestricted,above_good,7700000,3950000.0,,,False
main:maiden:unrestricted:above_good:0037,maiden,unrestricted,above_good,4200000,3950000.0,,,False
main:maiden:unrestricted:above_good:0040,maiden,unrestricted,above_good,3240000,3950000.0,,,False
main:maiden:unrestricted:above_good:0038,maiden,unrestricted,above_good,3949793,3950000.0,,,False
main:maiden:unrestricted:above_good:0041,maiden,unrestricted,above_good,4350000,3950000.0,,,False
main:maiden:unrestricted:above_good:0042,maiden,unrestricted,above_good,4150000,3950000.0,,,False
main:maiden:unrestricted:above_good:0044,maiden,unrestricted,above_good,4530000,3950000.0,,,False
main:maiden:unrestricted:above_good:0043,maiden,unrestricted,above_good,3940000,3950000.0,,,False
main:maiden:unrestricted:above_good:0045,maiden,unrestricted,above_good,3950000,3950000.0,,,False
main:maiden:unrestricted:above_good:0046,maiden,unrestricted,above_good,3900000,3950000.0,,,False
main:maiden:unrestricted:above_good:0039,maiden,unrestricted,above_good,4028707,3950000.0,,,False
main:maiden:unrestricted:above_good:0047,maiden,unrestricted,above_good,4354436,3950000.0,,,False
main:maiden:unrestricted:above_good:0049,maiden,unrestricted,above_good,4110000,3950000.0,,,False
main:maiden:unrestricted:above_good:0048,maiden,unrestricted,above_good,1025000,3950000.0,,,False
main:maiden:unrestricted:below_good:0003,maiden,unrestricted,below_good,3850000,3950000.0,,,False
main:maiden:unrestricted:below_good:0000,maiden,unrestricted,below_good,3918000,3950000.0,,,False
main:maiden:unrestricted:below_good:0002,maiden,unrestricted,below_good,3876793,3950000.0,,,False
main:maiden:unrestricted:below_good:0001,maiden,unrestricted,below_good,3490000,3950000.0,,,False
main:maiden:unrestricted:below_good:0005,maiden,unrestricted,below_good,3293547,3950000.0,,,False
main:maiden:unrestricted:below_good:0004,maiden,unrestricted,below_good,3950000,3950000.0,,,False
main:maiden:unrestricted:below_good:0007,maiden,unrestricted,below_good,3843422,3950000.0,,,False
main:maiden:unrestricted:below_good:0009,maiden,unrestricted,below_good,4125000,3950000.0,,,False
main:maiden:unrestricted:below_good:0008,maiden,unrestricted,below_good,3840000,3950000.0,,,False
main:maiden:unrestricted:below_good:0010,maiden,unrestricted,below_good,3482604,3950000.0,,,False
main:maiden:unrestricted:below_good:0011,maiden,unrestricted,below_good,5550000,3950000.0,,,False
main:maiden:unrestricted:below_good:0013,maiden,unrestricted,below_good,3920000,3950000.0,,,False
main:maiden:unrestricted:below_good:0014,maiden,unrestricted,below_good,3910000,3950000.0,,,False
main:maiden:unrestricted:below_good:0012,maiden,unrestricted,below_good,3950000,3950000.0,,,False
main:maiden:unrestricted:below_good:0006,maiden,unrestricted,below_good,2970000,3950000.0,,,False
main:maiden:unrestricted:below_good:0015,maiden,unrestricted,below_good,4330000,3950000.0,,,False
main:maiden:unrestricted:below_good:0016,maiden,unrestricted,below_good,4350000,3950000.0,,,False
main:maiden:unrestricted:below_good:0017,maiden,unrestricted,below_good,2010000,3950000.0,,,False
main:maiden:unrestricted:below_good:0019,maiden,unrestricted,below_good,3887000,3950000.0,,,False
main:maiden:unrestricted:below_good:0020,maiden,unrestricted,below_good,3820000,3950000.0,,,False
main:maiden:unrestricted:below_good:0021,maiden,unrestricted,below_good,6000000,3950000.0,,,False
main:maiden:unrestricted:below_good:0018,maiden,unrestricted,below_good,4052000,3950000.0,,,False
main:maiden:unrestricted:below_good:0024,maiden,unrestricted,below_good,3640000,3950000.0,,,False
main:maiden:unrestricted:below_good:0023,maiden,unrestricted,below_good,3450000,3950000.0,,,False
main:maiden:unrestricted:below_good:0027,maiden,unrestricted,below_good,2900000,3950000.0,,,False
main:maiden:unrestricted:below_good:0026,maiden,unrestricted,below_good,2480754,3950000.0,,,False
main:maiden:unrestricted:below_good:0025,maiden,unrestricted,below_good,3088000,3950000.0,,,False
main:maiden:unrestricted:below_good:0028,maiden,unrestricted,below_good,9300000,3950000.0,,,False
main:maiden:unrestricted:below_good:0030,maiden,unrestricted,below_good,1624626,3950000.0,,,False
main:maiden:unrestricted:below_good:0029,maiden,unrestricted,below_good,5850000,3950000.0,,,False
main:maiden:unrestricted:below_good:0031,maiden,unrestricted,below_good,7283000,3950000.0,,,False
main:maiden:unrestricted:below_good:0032,maiden,unrestricted,below_good,3900000,3950000.0,,,False
main:maiden:unrestricted:below_good:0033,maiden,unrestricted,below_good,8300000,3950000.0,,,False
main:maiden:unrestricted:below_good:0034,maiden,unrestricted,below_good,3500000,3950000.0,,,False
main:maiden:unrestricted:below_good:0035,maiden,unrestricted,below_good,1800000,3950000.0,,,False
main:maiden:unrestricted:below_good:0022,maiden,unrestricted,below_good,9843257,3950000.0,,,False
main:maiden:unrestricted:below_good:0038,maiden,unrestricted,below_good,3948000,3950000.0,,,False
main:maiden:unrestricted:below_good:0037,maiden,unrestricted,below_good,3350000,3950000.0,,,False
main:maiden:unrestricted:below_good:0039,maiden,unrestricted,below_good,3850000,3950000.0,,,False
main:maiden:unrestricted:below_good:0036,maiden,unrestricted,below_good,3949999,3950000.0,,,False
main:maiden:unrestricted:below_good:0041,maiden,unrestricted,below_good,4300000,3950000.0,,,False
main:maiden:unrestricted:below_good:0040,maiden,unrestricted,below_good,4295000,3950000.0,,,False
main:maiden:unrestricted:below_good:0042,maiden,unrestricted,below_good,3650000,3950000.0,,,False
main:maiden:unrestricted:below_good:0043,maiden,unrestricted,below_good,3940000,3950000.0,,,False
main:maiden:unrestricted:below_good:0046,maiden,unrestricted,below_good,2333000,3950000.0,,,False
main:maiden:unrestricted:below_good:0044,maiden,unrestricted,below_good,8200000,3950000.0,,,False
main:maiden:unrestricted:below_good:0047,maiden,unrestricted,below_good,6930000,3950000.0,,,False
main:maiden:unrestricted:below_good:0045,maiden,unrestricted,below_good,3360000,3950000.0,,,False
main:maiden:unrestricted:below_good:0048,maiden,unrestricted,below_good,3800000,3950000.0,,,False
main:maiden:unrestricted:below_good:0049,maiden,unrestricted,below_good,3850000,3950000.0,,,False
main:maiden:bounded:baseline:0002,maiden,bounded,baseline,2857153,3950000.0,1975000,5925000,False
main:maiden:bounded:baseline:0001,maiden,bounded,baseline,4778000,3950000.0,1975000,5925000,False
main:maiden:bounded:baseline:0004,maiden,bounded,baseline,3241200,3950000.0,1975000,5925000,False
main:maiden:bounded:baseline:0006,maiden,bounded,baseline,3900000,3950000.0,1975000,5925000,False
main:maiden:bounded:baseline:0005,maiden,bounded,baseline,3445000,3950000.0,1975000,5925000,False
main:maiden:bounded:baseline:0000,maiden,bounded,baseline,4650000,3950000.0,1975000,5925000,False
main:maiden:bounded:baseline:0007,maiden,bounded,baseline,4200000,3950000.0,1975000,5925000,False
main:maiden:bounded:baseline:0009,maiden,bounded,baseline,3426456,3950000.0,1975000,5925000,False
main:maiden:bounded:baseline:0008,maiden,bounded,baseline,4339726,3950000.0,1975000,5925000,False
main:maiden:bounded:baseline:0010,maiden,bounded,baseline,4300000,3950000.0,1975000,5925000,False
main:maiden:bounded:baseline:0012,maiden,bounded,baseline,4000000,3950000.0,1975000,5925000,False
main:maiden:bounded:baseline:0011,maiden,bounded,baseline,3050000,3950000.0,1975000,5925000,False
main:maiden:bounded:baseline:0014,maiden,bounded,baseline,3750000,3950000.0,1975000,5925000,False
main:maiden:bounded:baseline:0013,maiden,bounded,baseline,3720000,3950000.0,1975000,5925000,False
main:maiden:bounded:baseline:0015,maiden,bounded,baseline,4260000,3950000.0,1975000,5925000,False
main:maiden:bounded:baseline:0016,maiden,bounded,baseline,2927616,3950000.0,1975000,5925000,False
main:maiden:bounded:baseline:0017,maiden,bounded,baseline,5320926,3950000.0,1975000,5925000,False
main:maiden:bounded:baseline:0018,maiden,bounded,baseline,3611368,3950000.0,1975000,5925000,False
main:maiden:bounded:baseline:0019,maiden,bounded,baseline,4200000,3950000.0,1975000,5925000,False
main:maiden:bounded:baseline:0020,maiden,bounded,baseline,3420000,3950000.0,1975000,5925000,False
main:maiden:bounded:baseline:0021,maiden,bounded,baseline,4326315,3950000.0,1975000,5925000,False
main:maiden:bounded:baseline:0022,maiden,bounded,baseline,4125000,3950000.0,1975000,5925000,False
main:maiden:bounded:baseline:0023,maiden,bounded,baseline,4832000,3950000.0,1975000,5925000,False
main:maiden:bounded:baseline:0024,maiden,bounded,baseline,4350000,3950000.0,1975000,5925000,False
main:maiden:bounded:baseline:0025,maiden,bounded,baseline,4468000,3950000.0,1975000,5925000,False
main:maiden:bounded:baseline:0026,maiden,bounded,baseline,4208208,3950000.0,1975000,5925000,False
main:maiden:bounded:baseline:0027,maiden,bounded,baseline,3071000,3950000.0,1975000,5925000,False
main:maiden:bounded:baseline:0029,maiden,bounded,baseline,4100000,3950000.0,1975000,5925000,False
main:maiden:bounded:baseline:0028,maiden,bounded,baseline,4563586,3950000.0,1975000,5925000,False
main:maiden:bounded:baseline:0030,maiden,bounded,baseline,3278500,3950000.0,1975000,5925000,False
main:maiden:bounded:baseline:0033,maiden,bounded,baseline,2875000,3950000.0,1975000,5925000,False
main:maiden:bounded:baseline:0031,maiden,bounded,baseline,4200000,3950000.0,1975000,5925000,False
main:maiden:bounded:baseline:0035,maiden,bounded,baseline,3334579,3950000.0,1975000,5925000,False
main:maiden:bounded:baseline:0032,maiden,bounded,baseline,3214835,3950000.0,1975000,5925000,False
main:maiden:bounded:baseline:0034,maiden,bounded,baseline,2800000,3950000.0,1975000,5925000,False
main:maiden:bounded:baseline:0036,maiden,bounded,baseline,4025000,3950000.0,1975000,5925000,False
main:maiden:bounded:baseline:0037,maiden,bounded,baseline,4171000,3950000.0,1975000,5925000,False
main:maiden:bounded:baseline:0038,maiden,bounded,baseline,5100000,3950000.0,1975000,5925000,False
main:maiden:bounded:baseline:0039,maiden,bounded,baseline,3890000,3950000.0,1975000,5925000,False
main:maiden:bounded:baseline:0040,maiden,bounded,baseline,2350000,3950000.0,1975000,5925000,False
main:maiden:bounded:baseline:0042,maiden,bounded,baseline,2750000,3950000.0,1975000,5925000,False
main:maiden:bounded:baseline:0041,maiden,bounded,baseline,4650000,3950000.0,1975000,5925000,False
main:maiden:bounded:baseline:0043,maiden,bounded,baseline,2610000,3950000.0,1975000,5925000,False
main:maiden:bounded:baseline:0046,maiden,bounded,baseline,3950000,3950000.0,1975000,5925000,False
main:maiden:bounded:baseline:0045,maiden,bounded,baseline,3530000,3950000.0,1975000,5925000,False
main:maiden:bounded:baseline:0047,maiden,bounded,baseline,3786000,3950000.0,1975000,5925000,False
main:maiden:bounded:baseline:0048,maiden,bounded,baseline,4000000,3950000.0,1975000,5925000,False
main:maiden:bounded:baseline:0049,maiden,bounded,baseline,4430000,3950000.0,1975000,5925000,False
main:maiden:bounded:baseline:0044,maiden,bounded,baseline,4125000,3950000.0,1975000,5925000,False
main:maiden:bounded:baseline:0003,maiden,bounded,baseline,3050000,3950000.0,1975000,5925000,False
main:maiden:bounded:above_good:0003,maiden,bounded,above_good,4110000,3950000.0,1975000,5925000,False
main:maiden:bounded:above_good:0001,maiden,bounded,above_good,2876644,3950000.0,1975000,5925000,False
main:maiden:bounded:above_good:0002,maiden,bounded,above_good,3520000,3950000.0,1975000,5925000,False
main:maiden:bounded:above_good:0000,maiden,bounded,above_good,4600000,3950000.0,1975000,5925000,False
main:maiden:bounded:above_good:0004,maiden,bounded,above_good,3948000,3950000.0,1975000,5925000,False
main:maiden:bounded:above_good:0007,maiden,bounded,above_good,3925000,3950000.0,1975000,5925000,False
main:maiden:bounded:above_good:0005,maiden,bounded,above_good,4175000,3950000.0,1975000,5925000,False
main:maiden:bounded:above_good:0006,maiden,bounded,above_good,4800000,3950000.0,1975000,5925000,False
main:maiden:bounded:above_good:0008,maiden,bounded,above_good,4900000,3950000.0,1975000,5925000,False
main:maiden:bounded:above_good:0009,maiden,bounded,above_good,4560000,3950000.0,1975000,5925000,False
main:maiden:bounded:above_good:0010,maiden,bounded,above_good,3100000,3950000.0,1975000,5925000,False
main:maiden:bounded:above_good:0012,maiden,bounded,above_good,2986738,3950000.0,1975000,5925000,False
main:maiden:bounded:above_good:0011,maiden,bounded,above_good,4320000,3950000.0,1975000,5925000,False
main:maiden:bounded:above_good:0013,maiden,bounded,above_good,4913000,3950000.0,1975000,5925000,False
main:maiden:bounded:above_good:0014,maiden,bounded,above_good,4150000,3950000.0,1975000,5925000,False
main:maiden:bounded:above_good:0015,maiden,bounded,above_good,3850000,3950000.0,1975000,5925000,False
main:maiden:bounded:above_good:0017,maiden,bounded,above_good,3133456,3950000.0,1975000,5925000,False
main:maiden:bounded:above_good:0018,maiden,bounded,above_good,3950000,3950000.0,1975000,5925000,False
main:maiden:bounded:above_good:0016,maiden,bounded,above_good,4400000,3950000.0,1975000,5925000,False
main:maiden:bounded:above_good:0019,maiden,bounded,above_good,4500000,3950000.0,1975000,5925000,False
main:maiden:bounded:above_good:0020,maiden,bounded,above_good,5100000,3950000.0,1975000,5925000,False
main:maiden:bounded:above_good:0021,maiden,bounded,above_good,4530000,3950000.0,1975000,5925000,False
main:maiden:bounded:above_good:0024,maiden,bounded,above_good,4350000,3950000.0,1975000,5925000,False
main:maiden:bounded:above_good:0025,maiden,bounded,above_good,4088000,3950000.0,1975000,5925000,False
main:maiden:bounded:above_good:0023,maiden,bounded,above_good,4780000,3950000.0,1975000,5925000,False
main:maiden:bounded:above_good:0022,maiden,bounded,above_good,3880000,3950000.0,1975000,5925000,False
main:maiden:bounded:above_good:0027,maiden,bounded,above_good,3370000,3950000.0,1975000,5925000,False
main:maiden:bounded:above_good:0028,maiden,bounded,above_good,4100000,3950000.0,1975000,5925000,False
main:maiden:bounded:above_good:0026,maiden,bounded,above_good,3946000,3950000.0,1975000,5925000,False
main:maiden:bounded:above_good:0030,maiden,bounded,above_good,3595000,3950000.0,1975000,5925000,False
main:maiden:bounded:above_good:0029,maiden,bounded,above_good,4716030,3950000.0,1975000,5925000,False
main:maiden:bounded:above_good:0034,maiden,bounded,above_good,3700000,3950000.0,1975000,5925000,False
main:maiden:bounded:above_good:0032,maiden,bounded,above_good,4860000,3950000.0,1975000,5925000,False
main:maiden:bounded:above_good:0033,maiden,bounded,above_good,4100000,3950000.0,1975000,5925000,False
main:maiden:bounded:above_good:0031,maiden,bounded,above_good,5359099,3950000.0,1975000,5925000,False
main:maiden:bounded:above_good:0037,maiden,bounded,above_good,4989162,3950000.0,1975000,5925000,False
main:maiden:bounded:above_good:0035,maiden,bounded,above_good,2735000,3950000.0,1975000,5925000,False
main:maiden:bounded:above_good:0036,maiden,bounded,above_good,4250000,3950000.0,1975000,5925000,False
main:maiden:bounded:above_good:0038,maiden,bounded,above_good,4534000,3950000.0,1975000,5925000,False
main:maiden:bounded:above_good:0041,maiden,bounded,above_good,4000000,3950000.0,1975000,5925000,False
main:maiden:bounded:above_good:0040,maiden,bounded,above_good,4065000,3950000.0,1975000,5925000,False
main:maiden:bounded:above_good:0039,maiden,bounded,above_good,4100000,3950000.0,1975000,5925000,False
main:maiden:bounded:above_good:0043,maiden,bounded,above_good,3890000,3950000.0,1975000,5925000,False
main:maiden:bounded:above_good:0042,maiden,bounded,above_good,3222000,3950000.0,1975000,5925000,False
main:maiden:bounded:above_good:0044,maiden,bounded,above_good,4287000,3950000.0,1975000,5925000,False
main:maiden:bounded:above_good:0046,maiden,bounded,above_good,4616370,3950000.0,1975000,5925000,False
main:maiden:bounded:above_good:0048,maiden,bounded,above_good,4817664,3950000.0,1975000,5925000,False
main:maiden:bounded:above_good:0045,maiden,bounded,above_good,4850000,3950000.0,1975000,5925000,False
main:maiden:bounded:above_good:0047,maiden,bounded,above_good,3200000,3950000.0,1975000,5925000,False
main:maiden:bounded:above_good:0049,maiden,bounded,above_good,3910000,3950000.0,1975000,5925000,False
main:maiden:bounded:below_good:0000,maiden,bounded,below_good,5393404,3950000.0,1975000,5925000,False
main:maiden:bounded:below_good:0003,maiden,bounded,below_good,3430000,3950000.0,1975000,5925000,False
main:maiden:bounded:below_good:0002,maiden,bounded,below_good,2750000,3950000.0,1975000,5925000,False
main:maiden:bounded:below_good:0001,maiden,bounded,below_good,4250000,3950000.0,1975000,5925000,False
main:maiden:bounded:below_good:0004,maiden,bounded,below_good,3517000,3950000.0,1975000,5925000,False
main:maiden:bounded:below_good:0006,maiden,bounded,below_good,2560000,3950000.0,1975000,5925000,False
main:maiden:bounded:below_good:0005,maiden,bounded,below_good,3720000,3950000.0,1975000,5925000,False
main:maiden:bounded:below_good:0007,maiden,bounded,below_good,4125000,3950000.0,1975000,5925000,False
main:maiden:bounded:below_good:0009,maiden,bounded,below_good,3280000,3950000.0,1975000,5925000,False
main:maiden:bounded:below_good:0008,maiden,bounded,below_good,4825205,3950000.0,1975000,5925000,False
main:maiden:bounded:below_good:0010,maiden,bounded,below_good,2530000,3950000.0,1975000,5925000,False
main:maiden:bounded:below_good:0011,maiden,bounded,below_good,2600000,3950000.0,1975000,5925000,False
main:maiden:bounded:below_good:0013,maiden,bounded,below_good,3945000,3950000.0,1975000,5925000,False
main:maiden:bounded:below_good:0014,maiden,bounded,below_good,3850000,3950000.0,1975000,5925000,False
main:maiden:bounded:below_good:0012,maiden,bounded,below_good,4258000,3950000.0,1975000,5925000,False
main:maiden:bounded:below_good:0015,maiden,bounded,below_good,3700000,3950000.0,1975000,5925000,False
main:maiden:bounded:below_good:0016,maiden,bounded,below_good,3850000,3950000.0,1975000,5925000,False
main:maiden:bounded:below_good:0018,maiden,bounded,below_good,3825000,3950000.0,1975000,5925000,False
main:maiden:bounded:below_good:0017,maiden,bounded,below_good,2610000,3950000.0,1975000,5925000,False
main:maiden:bounded:below_good:0019,maiden,bounded,below_good,3825000,3950000.0,1975000,5925000,False
main:maiden:bounded:below_good:0020,maiden,bounded,below_good,4870000,3950000.0,1975000,5925000,False
main:maiden:bounded:below_good:0021,maiden,bounded,below_good,3050000,3950000.0,1975000,5925000,False
main:maiden:bounded:below_good:0022,maiden,bounded,below_good,4810000,3950000.0,1975000,5925000,False
main:maiden:bounded:below_good:0023,maiden,bounded,below_good,4340000,3950000.0,1975000,5925000,False
main:maiden:bounded:below_good:0025,maiden,bounded,below_good,4783467,3950000.0,1975000,5925000,False
main:maiden:bounded:below_good:0026,maiden,bounded,below_good,3030000,3950000.0,1975000,5925000,False
main:maiden:bounded:below_good:0028,maiden,bounded,below_good,3940000,3950000.0,1975000,5925000,False
main:maiden:bounded:below_good:0027,maiden,bounded,below_good,4299000,3950000.0,1975000,5925000,False
main:maiden:bounded:below_good:0024,maiden,bounded,below_good,2100000,3950000.0,1975000,5925000,False
main:maiden:bounded:below_good:0030,maiden,bounded,below_good,3880000,3950000.0,1975000,5925000,False
main:maiden:bounded:below_good:0029,maiden,bounded,below_good,4210000,3950000.0,1975000,5925000,False
main:maiden:bounded:below_good:0031,maiden,bounded,below_good,3940000,3950000.0,1975000,5925000,False
main:maiden:bounded:below_good:0033,maiden,bounded,below_good,5604800,3950000.0,1975000,5925000,False
main:maiden:bounded:below_good:0034,maiden,bounded,below_good,3200000,3950000.0,1975000,5925000,False
main:maiden:bounded:below_good:0032,maiden,bounded,below_good,2570500,3950000.0,1975000,5925000,False
main:maiden:bounded:below_good:0035,maiden,bounded,below_good,3495000,3950000.0,1975000,5925000,False
main:maiden:bounded:below_good:0037,maiden,bounded,below_good,3912000,3950000.0,1975000,5925000,False
main:maiden:bounded:below_good:0040,maiden,bounded,below_good,3704000,3950000.0,1975000,5925000,False
main:maiden:bounded:below_good:0039,maiden,bounded,below_good,3900000,3950000.0,1975000,5925000,False
main:maiden:bounded:below_good:0038,maiden,bounded,below_good,3850000,3950000.0,1975000,5925000,False
main:maiden:bounded:below_good:0041,maiden,bounded,below_good,3800000,3950000.0,1975000,5925000,False
main:maiden:bounded:below_good:0042,maiden,bounded,below_good,4850000,3950000.0,1975000,5925000,False
main:maiden:bounded:below_good:0043,maiden,bounded,below_good,3200000,3950000.0,1975000,5925000,False
main:maiden:bounded:below_good:0044,maiden,bounded,below_good,4153000,3950000.0,1975000,5925000,False
main:maiden:bounded:below_good:0045,maiden,bounded,below_good,3150000,3950000.0,1975000,5925000,False
main:maiden:bounded:below_good:0047,maiden,bounded,below_good,4850000,3950000.0,1975000,5925000,False
main:maiden:bounded:below_good:0046,maiden,bounded,below_good,3945000,3950000.0,1975000,5925000,False
main:maiden:bounded:below_good:0049,maiden,bounded,below_good,3920000,3950000.0,1975000,5925000,False
main:maiden:bounded:below_good:0048,maiden,bounded,below_good,3850000,3950000.0,1975000,5925000,False
main:turns:unrestricted:baseline:0003,turns,unrestricted,baseline,0,980.0,,,False
main:turns:unrestricted:baseline:0002,turns,unrestricted,baseline,2500,980.0,,,False
main:turns:unrestricted:baseline:0000,turns,unrestricted,baseline,5200,980.0,,,False
main:turns:unrestricted:baseline:0001,turns,unrestricted,baseline,0,980.0,,,False
main:turns:unrestricted:baseline:0004,turns,unrestricted,baseline,0,980.0,,,False
main:turns:unrestricted:baseline:0005,turns,unrestricted,baseline,3200,980.0,,,False
main:turns:unrestricted:baseline:0008,turns,unrestricted,baseline,2200,980.0,,,False
main:turns:unrestricted:baseline:0006,turns,unrestricted,baseline,0,980.0,,,False
main:turns:unrestricted:baseline:0009,turns,unrestricted,baseline,1200,980.0,,,False
main:turns:unrestricted:baseline:0010,turns,unrestricted,baseline,0,980.0,,,False
main:turns:unrestricted:baseline:0007,turns,unrestricted,baseline,800,980.0,,,False
main:turns:unrestricted:baseline:0012,turns,unrestricted,baseline,4500,980.0,,,False
main:turns:unrestricted:baseline:0013,turns,unrestricted,baseline,0,980.0,,,False
main:turns:unrestricted:baseline:0011,turns,unrestricted,baseline,1512,980.0,,,False
main:turns:unrestricted:baseline:0014,turns,unrestricted,baseline,1650,980.0,,,False
main:turns:unrestricted:baseline:0015,turns,unrestricted,baseline,530,980.0,,,False
main:turns:unrestricted:baseline:0019,turns,unrestricted,baseline,18000,980.0,,,False
main:turns:unrestricted:baseline:0016,turns,unrestricted,baseline,7500,980.0,,,False
main:turns:unrestricted:baseline:0017,turns,unrestricted,baseline,1400,980.0,,,False
main:turns:unrestricted:baseline:0018,turns,unrestricted,baseline,810,980.0,,,False
main:turns:unrestricted:baseline:0020,turns,unrestricted,baseline,5600,980.0,,,False
main:turns:unrestricted:baseline:0023,turns,unrestricted,baseline,0,980.0,,,False
main:turns:unrestricted:baseline:0022,turns,unrestricted,baseline,4200,980.0,,,False
main:turns:unrestricted:baseline:0025,turns,unrestricted,baseline,4200,980.0,,,False
main:turns:unrestricted:baseline:0024,turns,unrestricted,baseline,1200,980.0,,,False
main:turns:unrestricted:baseline:0021,turns,unrestricted,baseline,0,980.0,,,False
main:turns:unrestricted:baseline:0026,turns,unrestricted,baseline,22000,980.0,,,False
main:turns:unrestricted:baseline:0028,turns,unrestricted,baseline,0,980.0,,,False
main:turns:unrestricted:baseline:0029,turns,unrestricted,baseline,0,980.0,,,False
main:turns:unrestricted:baseline:0027,turns,unrestricted,baseline,0,980.0,,,False
main:turns:unrestricted:baseline:0030,turns,unrestricted,baseline,580,980.0,,,False
main:turns:unrestricted:baseline:0032,turns,unrestricted,baseline,1850,980.0,,,False
main:turns:unrestricted:baseline:0031,turns,unrestricted,baseline,1450,980.0,,,False
main:turns:unrestricted:baseline:0033,turns,unrestricted,baseline,0,980.0,,,False
main:turns:unrestricted:baseline:0035,turns,unrestricted,baseline,0,980.0,,,False
main:turns:unrestricted:baseline:0038,turns,unrestricted,baseline,0,980.0,,,False
main:turns:unrestricted:baseline:0034,turns,unrestricted,baseline,5800,980.0,,,False
main:turns:unrestricted:baseline:0037,turns,unrestricted,baseline,14800,980.0,,,False
main:turns:unrestricted:baseline:0041,turns,unrestricted,baseline,0,980.0,,,False
main:turns:unrestricted:baseline:0039,turns,unrestricted,baseline,3400,980.0,,,False
main:turns:unrestricted:baseline:0042,turns,unrestricted,baseline,1450,980.0,,,False
main:turns:unrestricted:baseline:0040,turns,unrestricted,baseline,0,980.0,,,False
main:turns:unrestricted:baseline:0043,turns,unrestricted,baseline,3000,980.0,,,False
main:turns:unrestricted:baseline:0044,turns,unrestricted,baseline,1150,980.0,,,False
main:turns:unrestricted:baseline:0046,turns,unrestricted,baseline,0,980.0,,,False
main:turns:unrestricted:baseline:0045,turns,unrestricted,baseline,0,980.0,,,False
main:turns:unrestricted:baseline:0047,turns,unrestricted,baseline,487,980.0,,,False
main:turns:unrestricted:baseline:0048,turns,unrestricted,baseline,450,980.0,,,False
main:turns:unrestricted:baseline:0049,turns,unrestricted,baseline,1750,980.0,,,False
main:turns:unrestricted:baseline:0036,turns,unrestricted,baseline,0,980.0,,,False
main:turns:unrestricted:above_good:0002,turns,unrestricted,above_good,0,980.0,,,False
main:turns:unrestricted:above_good:0000,turns,unrestricted,above_good,12750,980.0,,,False
main:turns:unrestricted:above_good:0001,turns,unrestricted,above_good,1200,980.0,,,False
main:turns:unrestricted:above_good:0005,turns,unrestricted,above_good,142,980.0,,,False
main:turns:unrestricted:above_good:0003,turns,unrestricted,above_good,1050,980.0,,,False
main:turns:unrestricted:above_good:0006,turns,unrestricted,above_good,4050,980.0,,,False
main:turns:unrestricted:above_good:0007,turns,unrestricted,above_good,0,980.0,,,False
main:turns:unrestricted:above_good:0008,turns,unrestricted,above_good,875,980.0,,,False
main:turns:unrestricted:above_good:0004,turns,unrestricted,above_good,1100,980.0,,,False
main:turns:unrestricted:above_good:0009,turns,unrestricted,above_good,0,980.0,,,False
main:turns:unrestricted:above_good:0012,turns,unrestricted,above_good,0,980.0,,,False
main:turns:unrestricted:above_good:0010,turns,unrestricted,above_good,0,980.0,,,False
main:turns:unrestricted:above_good:0015,turns,unrestricted,above_good,1650,980.0,,,False
main:turns:unrestricted:above_good:0013,turns,unrestricted,above_good,1130,980.0,,,False
main:turns:unrestricted:above_good:0017,turns,unrestricted,above_good,0,980.0,,,False
main:turns:unrestricted:above_good:0016,turns,unrestricted,above_good,982,980.0,,,False
main:turns:unrestricted:above_good:0014,turns,unrestricted,above_good,8450,980.0,,,False
main:turns:unrestricted:above_good:0020,turns,unrestricted,above_good,0,980.0,,,False
main:turns:unrestricted:above_good:0019,turns,unrestricted,above_good,18200,980.0,,,False
main:turns:unrestricted:above_good:0022,turns,unrestricted,above_good,0,980.0,,,False
main:turns:unrestricted:above_good:0018,turns,unrestricted,above_good,982,980.0,,,False
main:turns:unrestricted:above_good:0021,turns,unrestricted,above_good,4300,980.0,,,False
main:turns:unrestricted:above_good:0024,turns,unrestricted,above_good,0,980.0,,,False
main:turns:unrestricted:above_good:0026,turns,unrestricted,above_good,1250,980.0,,,False
main:turns:unrestricted:above_good:0023,turns,unrestricted,above_good,10000,980.0,,,False
main:turns:unrestricted:above_good:0027,turns,unrestricted,above_good,0,980.0,,,False
main:turns:unrestricted:above_good:0025,turns,unrestricted,above_good,1160,980.0,,,False
main:turns:unrestricted:above_good:0028,turns,unrestricted,above_good,1850,980.0,,,False
main:turns:unrestricted:above_good:0029,turns,unrestricted,above_good,1450,980.0,,,False
main:turns:unrestricted:above_good:0031,turns,unrestricted,above_good,2143,980.0,,,False
main:turns:unrestricted:above_good:0030,turns,unrestricted,above_good,0,980.0,,,False
main:turns:unrestricted:above_good:0032,turns,unrestricted,above_good,0,980.0,,,False
main:turns:unrestricted:above_good:0035,turns,unrestricted,above_good,0,980.0,,,False
main:turns:unrestricted:above_good:0033,turns,unrestricted,above_good,0,980.0,,,False
main:turns:unrestricted:above_good:0034,turns,unrestricted,above_good,887,980.0,,,False
main:turns:unrestricted:above_good:0036,turns,unrestricted,above_good,0,980.0,,,False
main:turns:unrestricted:above_good:0038,turns,unrestricted,above_good,0,980.0,,,False
main:turns:unrestricted:above_good:0041,turns,unrestricted,above_good,730,980.0,,,False
main:turns:unrestricted:above_good:0039,turns,unrestricted,above_good,1050,980.0,,,False
main:turns:unrestricted:above_good:0037,turns,unrestricted,above_good,1500,980.0,,,False
main:turns:unrestricted:above_good:0042,turns,unrestricted,above_good,0,980.0,,,False
main:turns:unrestricted:above_good:0044,turns,unrestricted,above_good,0,980.0,,,False
main:turns:unrestricted:above_good:0043,turns,unrestricted,above_good,167700,980.0,,,False
main:turns:unrestricted:above_good:0047,turns,unrestricted,above_good,0,980.0,,,False
main:turns:unrestricted:above_good:0045,turns,unrestricted,above_good,0,980.0,,,False
main:turns:unrestricted:above_good:0046,turns,unrestricted,above_good,6850,980.0,,,False
main:turns:unrestricted:above_good:0048,turns,unrestricted,above_good,0,980.0,,,False
main:turns:unrestricted:above_good:0049,turns,unrestricted,above_good,11250,980.0,,,False
main:turns:unrestricted:above_good:0040,turns,unrestricted,above_good,982,980.0,,,False
main:turns:unrestricted:below_good:0003,turns,unrestricted,below_good,975,980.0,,,False
main:turns:unrestricted:below_good:0002,turns,unrestricted,below_good,5400,980.0,,,False
main:turns:unrestricted:below_good:0000,turns,unrestricted,below_good,1750,980.0,,,False
main:turns:unrestricted:below_good:0001,turns,unrestricted,below_good,913,980.0,,,False
main:turns:unrestricted:below_good:0007,turns,unrestricted,below_good,1230,980.0,,,False
main:turns:unrestricted:below_good:0006,turns,unrestricted,below_good,947,980.0,,,False
main:turns:unrestricted:below_good:0004,turns,unrestricted,below_good,1050,980.0,,,False
main:turns:unrestricted:below_good:0008,turns,unrestricted,below_good,6800,980.0,,,False
main:turns:unrestricted:below_good:0009,turns,unrestricted,below_good,620,980.0,,,False
main:turns:unrestricted:below_good:0010,turns,unrestricted,below_good,1247,980.0,,,False
main:turns:unrestricted:below_good:0005,turns,unrestricted,below_good,580,980.0,,,False
main:turns:unrestricted:below_good:0011,turns,unrestricted,below_good,1147,980.0,,,False
main:turns:unrestricted:below_good:0013,turns,unrestricted,below_good,417,980.0,,,False
main:turns:unrestricted:below_good:0014,turns,unrestricted,below_good,0,980.0,,,False
main:turns:unrestricted:below_good:0012,turns,unrestricted,below_good,8500,980.0,,,False
main:turns:unrestricted:below_good:0016,turns,unrestricted,below_good,0,980.0,,,False
main:turns:unrestricted:below_good:0017,turns,unrestricted,below_good,2100,980.0,,,False
main:turns:unrestricted:below_good:0018,turns,unrestricted,below_good,280,980.0,,,False
main:turns:unrestricted:below_good:0015,turns,unrestricted,below_good,2100,980.0,,,False
main:turns:unrestricted:below_good:0020,turns,unrestricted,below_good,1012,980.0,,,False
main:turns:unrestricted:below_good:0019,turns,unrestricted,below_good,980,980.0,,,False
main:turns:unrestricted:below_good:0022,turns,unrestricted,below_good,0,980.0,,,False
main:turns:unrestricted:below_good:0021,turns,unrestricted,below_good,30000,980.0,,,False
main:turns:unrestricted:below_good:0024,turns,unrestricted,below_good,0,980.0,,,False
main:turns:unrestricted:below_good:0023,turns,unrestricted,below_good,870,980.0,,,False
main:turns:unrestricted:below_good:0025,turns,unrestricted,below_good,7800,980.0,,,False
main:turns:unrestricted:below_good:0027,turns,unrestricted,below_good,0,980.0,,,False
main:turns:unrestricted:below_good:0026,turns,unrestricted,below_good,42500,980.0,,,False
main:turns:unrestricted:below_good:0030,turns,unrestricted,below_good,315,980.0,,,False
main:turns:unrestricted:below_good:0028,turns,unrestricted,below_good,1580,980.0,,,False
main:turns:unrestricted:below_good:0032,turns,unrestricted,below_good,0,980.0,,,False
main:turns:unrestricted:below_good:0029,turns,unrestricted,below_good,890,980.0,,,False
main:turns:unrestricted:below_good:0031,turns,unrestricted,below_good,0,980.0,,,False
main:turns:unrestricted:below_good:0034,turns,unrestricted,below_good,960,980.0,,,False
main:turns:unrestricted:below_good:0033,turns,unrestricted,below_good,942,980.0,,,False
main:turns:unrestricted:below_good:0035,turns,unrestricted,below_good,897,980.0,,,False
main:turns:unrestricted:below_good:0038,turns,unrestricted,below_good,740,980.0,,,False
main:turns:unrestricted:below_good:0037,turns,unrestricted,below_good,1024,980.0,,,False
main:turns:unrestricted:below_good:0039,turns,unrestricted,below_good,4200,980.0,,,False
main:turns:unrestricted:below_good:0040,turns,unrestricted,below_good,982,980.0,,,False
main:turns:unrestricted:below_good:0041,turns,unrestricted,below_good,870,980.0,,,False
main:turns:unrestricted:below_good:0043,turns,unrestricted,below_good,0,980.0,,,False
main:turns:unrestricted:below_good:0036,turns,unrestricted,below_good,9700,980.0,,,False
main:turns:unrestricted:below_good:0042,turns,unrestricted,below_good,872,980.0,,,False
main:turns:unrestricted:below_good:0044,turns,unrestricted,below_good,950,980.0,,,False
main:turns:unrestricted:below_good:0047,turns,unrestricted,below_good,1480,980.0,,,False
main:turns:unrestricted:below_good:0045,turns,unrestricted,below_good,1800000,980.0,,,False
main:turns:unrestricted:below_good:0048,turns,unrestricted,below_good,1100,980.0,,,False
main:turns:unrestricted:below_good:0049,turns,unrestricted,below_good,0,980.0,,,False
main:turns:unrestricted:below_good:0046,turns,unrestricted,below_good,6412,980.0,,,False
main:turns:bounded:baseline:0002,turns,bounded,baseline,490,980.0,490,1470,False
main:turns:bounded:baseline:0001,turns,bounded,baseline,1100,980.0,490,1470,False
main:turns:bounded:baseline:0003,turns,bounded,baseline,1180,980.0,490,1470,False
main:turns:bounded:baseline:0000,turns,bounded,baseline,1042,980.0,490,1470,False
main:turns:bounded:baseline:0005,turns,bounded,baseline,980,980.0,490,1470,False
main:turns:bounded:baseline:0006,turns,bounded,baseline,1120,980.0,490,1470,False
main:turns:bounded:baseline:0007,turns,bounded,baseline,847,980.0,490,1470,False
main:turns:bounded:baseline:0004,turns,bounded,baseline,1050,980.0,490,1470,False
main:turns:bounded:baseline:0009,turns,bounded,baseline,820,980.0,490,1470,False
main:turns:bounded:baseline:0010,turns,bounded,baseline,1250,980.0,490,1470,False
main:turns:bounded:baseline:0011,turns,bounded,baseline,850,980.0,490,1470,False
main:turns:bounded:baseline:0014,turns,bounded,baseline,950,980.0,490,1470,False
main:turns:bounded:baseline:0012,turns,bounded,baseline,1050,980.0,490,1470,False
main:turns:bounded:baseline:0013,turns,bounded,baseline,980,980.0,490,1470,False
main:turns:bounded:baseline:0016,turns,bounded,baseline,1087,980.0,490,1470,False
main:turns:bounded:baseline:0018,turns,bounded,baseline,980,980.0,490,1470,False
main:turns:bounded:baseline:0017,turns,bounded,baseline,1100,980.0,490,1470,False
main:turns:bounded:baseline:0015,turns,bounded,baseline,980,980.0,490,1470,False
main:turns:bounded:baseline:0019,turns,bounded,baseline,824,980.0,490,1470,False
main:turns:bounded:baseline:0020,turns,bounded,baseline,892,980.0,490,1470,False
main:turns:bounded:baseline:0022,turns,bounded,baseline,980,980.0,490,1470,False
main:turns:bounded:baseline:0008,turns,bounded,baseline,875,980.0,490,1470,False
main:turns:bounded:baseline:0024,turns,bounded,baseline,1000,980.0,490,1470,False
main:turns:bounded:baseline:0025,turns,bounded,baseline,1150,980.0,490,1470,False
main:turns:bounded:baseline:0023,turns,bounded,baseline,1050,980.0,490,1470,False
main:turns:bounded:baseline:0026,turns,bounded,baseline,1200,980.0,490,1470,False
main:turns:bounded:baseline:0027,turns,bounded,baseline,1020,980.0,490,1470,False
main:turns:bounded:baseline:0028,turns,bounded,baseline,980,980.0,490,1470,False
main:turns:bounded:baseline:0029,turns,bounded,baseline,920,980.0,490,1470,False
main:turns:bounded:baseline:0030,turns,bounded,baseline,875,980.0,490,1470,False
main:turns:bounded:baseline:0032,turns,bounded,baseline,1050,980.0,490,1470,False
main:turns:bounded:baseline:0033,turns,bounded,baseline,1100,980.0,490,1470,False
main:turns:bounded:baseline:0031,turns,bounded,baseline,1050,980.0,490,1470,False
main:turns:bounded:baseline:0034,turns,bounded,baseline,892,980.0,490,1470,False
main:turns:bounded:baseline:0036,turns,bounded,baseline,1050,980.0,490,1470,False
main:turns:bounded:baseline:0035,turns,bounded,baseline,1150,980.0,490,1470,False
main:turns:bounded:baseline:0037,turns,bounded,baseline,1050,980.0,490,1470,False
main:turns:bounded:baseline:0039,turns,bounded,baseline,1080,980.0,490,1470,False
main:turns:bounded:baseline:0040,turns,bounded,baseline,975,980.0,490,1470,False
main:turns:bounded:baseline:0041,turns,bounded,baseline,1115,980.0,490,1470,False
main:turns:bounded:baseline:0038,turns,bounded,baseline,1100,980.0,490,1470,False
main:turns:bounded:baseline:0042,turns,bounded,baseline,980,980.0,490,1470,False
main:turns:bounded:baseline:0044,turns,bounded,baseline,1090,980.0,490,1470,False
main:turns:bounded:baseline:0043,turns,bounded,baseline,1172,980.0,490,1470,False
main:turns:bounded:baseline:0046,turns,bounded,baseline,780,980.0,490,1470,False
main:turns:bounded:baseline:0047,turns,bounded,baseline,987,980.0,490,1470,False
main:turns:bounded:baseline:0045,turns,bounded,baseline,1150,980.0,490,1470,False
main:turns:bounded:baseline:0049,turns,bounded,baseline,980,980.0,490,1470,False
main:turns:bounded:above_good:0002,turns,bounded,above_good,770,980.0,490,1470,False
main:turns:bounded:above_good:0003,turns,bounded,above_good,875,980.0,490,1470,False
main:turns:bounded:above_good:0000,turns,bounded,above_good,1050,980.0,490,1470,False
main:turns:bounded:above_good:0001,turns,bounded,above_good,920,980.0,490,1470,False
main:turns:bounded:above_good:0005,turns,bounded,above_good,980,980.0,490,1470,False
main:turns:bounded:above_good:0004,turns,bounded,above_good,890,980.0,490,1470,False
main:turns:bounded:above_good:0008,turns,bounded,above_good,1120,980.0,490,1470,False
main:turns:bounded:above_good:0009,turns,bounded,above_good,743,980.0,490,1470,False
main:turns:bounded:above_good:0010,turns,bounded,above_good,870,980.0,490,1470,False
main:turns:bounded:above_good:0013,turns,bounded,above_good,1280,980.0,490,1470,False
main:turns:bounded:above_good:0012,turns,bounded,above_good,985,980.0,490,1470,False
main:turns:bounded:above_good:0014,turns,bounded,above_good,1120,980.0,490,1470,False
main:turns:bounded:above_good:0007,turns,bounded,above_good,1140,980.0,490,1470,False
main:turns:bounded:above_good:0011,turns,bounded,above_good,1150,980.0,490,1470,False
main:turns:bounded:above_good:0016,turns,bounded,above_good,1085,980.0,490,1470,False
main:turns:bounded:above_good:0015,turns,bounded,above_good,1050,980.0,490,1470,False
main:turns:bounded:above_good:0020,turns,bounded,above_good,1024,980.0,490,1470,False
main:turns:bounded:above_good:0017,turns,bounded,above_good,944,980.0,490,1470,False
main:turns:bounded:above_good:0018,turns,bounded,above_good,875,980.0,490,1470,False
main:turns:bounded:above_good:0021,turns,bounded,above_good,1142,980.0,490,1470,False
main:turns:bounded:above_good:0022,turns,bounded,above_good,1050,980.0,490,1470,False
main:turns:bounded:above_good:0023,turns,bounded,above_good,945,980.0,490,1470,False
main:turns:bounded:above_good:0024,turns,bounded,above_good,1050,980.0,490,1470,False
main:turns:bounded:above_good:0019,turns,bounded,above_good,1250,980.0,490,1470,False
main:turns:bounded:above_good:0026,turns,bounded,above_good,980,980.0,490,1470,False
main:turns:bounded:above_good:0027,turns,bounded,above_good,980,980.0,490,1470,False
main:turns:bounded:above_good:0029,turns,bounded,above_good,1085,980.0,490,1470,False
main:turns:bounded:above_good:0030,turns,bounded,above_good,873,980.0,490,1470,False
main:turns:bounded:above_good:0025,turns,bounded,above_good,920,980.0,490,1470,False
main:turns:bounded:above_good:0031,turns,bounded,above_good,960,980.0,490,1470,False
main:turns:bounded:above_good:0033,turns,bounded,above_good,872,980.0,490,1470,False
main:turns:bounded:above_good:0028,turns,bounded,above_good,790,980.0,490,1470,False
main:turns:bounded:above_good:0032,turns,bounded,above_good,945,980.0,490,1470,False
main:turns:bounded:above_good:0034,turns,bounded,above_good,1100,980.0,490,1470,False
main:turns:bounded:above_good:0035,turns,bounded,above_good,960,980.0,490,1470,False
main:turns:bounded:above_good:0038,turns,bounded,above_good,1000,980.0,490,1470,False
main:turns:bounded:above_good:0037,turns,bounded,above_good,980,980.0,490,1470,False
main:turns:bounded:above_good:0036,turns,bounded,above_good,897,980.0,490,1470,False
main:turns:bounded:above_good:0041,turns,bounded,above_good,1120,980.0,490,1470,False
main:turns:bounded:above_good:0039,turns,bounded,above_good,985,980.0,490,1470,False
main:turns:bounded:above_good:0040,turns,bounded,above_good,1120,980.0,490,1470,False
main:turns:bounded:above_good:0044,turns,bounded,above_good,1120,980.0,490,1470,False
main:turns:bounded:above_good:0045,turns,bounded,above_good,1080,980.0,490,1470,False
main:turns:bounded:above_good:0042,turns,bounded,above_good,860,980.0,490,1470,False
main:turns:bounded:above_good:0047,turns,bounded,above_good,950,980.0,490,1470,False
main:turns:bounded:above_good:0046,turns,bounded,above_good,1080,980.0,490,1470,False
main:turns:bounded:above_good:0048,turns,bounded,above_good,1080,980.0,490,1470,False
main:turns:bounded:above_good:0043,turns,bounded,above_good,1120,980.0,490,1470,False
main:turns:bounded:above_good:0049,turns,bounded,above_good,835,980.0,490,1470,False
main:turns:bounded:below_good:0000,turns,bounded,below_good,875,980.0,490,1470,False
main:turns:bounded:below_good:0003,turns,bounded,below_good,947,980.0,490,1470,False
main:turns:bounded:below_good:0002,turns,bounded,below_good,980,980.0,490,1470,False
main:turns:bounded:below_good:0004,turns,bounded,below_good,900,980.0,490,1470,False
main:turns:bounded:below_good:0005,turns,bounded,below_good,875,980.0,490,1470,False
main:turns:bounded:below_good:0001,turns,bounded,below_good,855,980.0,490,1470,False
main:turns:bounded:below_good:0006,turns,bounded,below_good,947,980.0,490,1470,False
main:turns:bounded:below_good:0007,turns,bounded,below_good,740,980.0,490,1470,False
main:turns:bounded:below_good:0010,turns,bounded,below_good,950,980.0,490,1470,False
main:turns:bounded:below_good:0008,turns,bounded,below_good,980,980.0,490,1470,False
main:turns:bounded:below_good:0009,turns,bounded,below_good,915,980.0,490,1470,False
main:turns:bounded:below_good:0013,turns,bounded,below_good,724,980.0,490,1470,False
main:turns:bounded:below_good:0012,turns,bounded,below_good,850,980.0,490,1470,False
main:turns:bounded:below_good:0011,turns,bounded,below_good,1042,980.0,490,1470,False
main:turns:bounded:below_good:0016,turns,bounded,below_good,890,980.0,490,1470,False
main:turns:bounded:below_good:0014,turns,bounded,below_good,1060,980.0,490,1470,False
main:turns:bounded:below_good:0015,turns,bounded,below_good,827,980.0,490,1470,False
main:turns:bounded:below_good:0020,turns,bounded,below_good,950,980.0,490,1470,False
main:turns:bounded:below_good:0019,turns,bounded,below_good,942,980.0,490,1470,False
main:turns:bounded:below_good:0017,turns,bounded,below_good,965,980.0,490,1470,False
main:turns:bounded:below_good:0018,turns,bounded,below_good,912,980.0,490,1470,False
main:turns:bounded:below_good:0021,turns,bounded,below_good,950,980.0,490,1470,False
main:turns:bounded:below_good:0023,turns,bounded,below_good,960,980.0,490,1470,False
main:turns:bounded:below_good:0022,turns,bounded,below_good,890,980.0,490,1470,False
main:turns:bounded:below_good:0024,turns,bounded,below_good,1140,980.0,490,1470,False
main:turns:bounded:below_good:0025,turns,bounded,below_good,850,980.0,490,1470,False
main:turns:bounded:below_good:0028,turns,bounded,below_good,1050,980.0,490,1470,False
main:turns:bounded:below_good:0026,turns,bounded,below_good,815,980.0,490,1470,False
main:turns:bounded:below_good:0027,turns,bounded,below_good,975,980.0,490,1470,False
main:turns:bounded:below_good:0029,turns,bounded,below_good,870,980.0,490,1470,False
main:turns:bounded:below_good:0030,turns,bounded,below_good,0,980.0,490,1470,True
main:turns:bounded:below_good:0031,turns,bounded,below_good,940,980.0,490,1470,False
main:turns:bounded:below_good:0034,turns,bounded,below_good,980,980.0,490,1470,False
main:turns:bounded:below_good:0033,turns,bounded,below_good,932,980.0,490,1470,False
main:turns:bounded:below_good:0036,turns,bounded,below_good,890,980.0,490,1470,False
main:turns:bounded:below_good:0037,turns,bounded,below_good,940,980.0,490,1470,False
main:turns:bounded:below_good:0032,turns,bounded,below_good,980,980.0,490,1470,False
main:turns:bounded:below_good:0039,turns,bounded,below_good,980,980.0,490,1470,False
main:turns:bounded:below_good:0038,turns,bounded,below_good,912,980.0,490,1470,False
main:turns:bounded:below_good:0040,turns,bounded,below_good,950,980.0,490,1470,False
main:turns:bounded:below_good:0041,turns,bounded,below_good,842,980.0,490,1470,False
main:turns:bounded:below_good:0043,turns,bounded,below_good,980,980.0,490,1470,False
main:turns:bounded:below_good:0042,turns,bounded,below_good,710,980.0,490,1470,False
main:turns:bounded:below_good:0044,turns,bounded,below_good,1120,980.0,490,1470,False
main:turns:bounded:below_good:0045,turns,bounded,below_good,980,980.0,490,1470,False
main:turns:bounded:below_good:0046,turns,bounded,below_good,985,980.0,490,1470,False
main:turns:bounded:below_good:0047,turns,bounded,below_good,875,980.0,490,1470,False
main:turns:bounded:below_good:0049,turns,bounded,below_good,1150,980.0,490,1470,False
main:turns:bounded:below_good:0048,turns,bounded,below_good,872,980.0,490,1470,False
main:turns:bounded:below_good:0035,turns,bounded,below_good,830,980.0,490,1470,False
main:orangecars:unrestricted:baseline:0000,orangecars,unrestricted,baseline,1000000,1325000.0,,,False
main:orangecars:unrestricted:baseline:0003,orangecars,unrestricted,baseline,8000000,1325000.0,,,False
main:orangecars:unrestricted:baseline:0001,orangecars,unrestricted,baseline,1680000,1325000.0,,,False
main:orangecars:unrestricted:baseline:0004,orangecars,unrestricted,baseline,950000,1325000.0,,,False
main:orangecars:unrestricted:baseline:0007,orangecars,unrestricted,baseline,880000,1325000.0,,,False
main:orangecars:unrestricted:baseline:0005,orangecars,unrestricted,baseline,1215000,1325000.0,,,False
main:orangecars:unrestricted:baseline:0006,orangecars,unrestricted,baseline,1370000,1325000.0,,,False
main:orangecars:unrestricted:baseline:0008,orangecars,unrestricted,baseline,1400000,1325000.0,,,False
main:orangecars:unrestricted:baseline:0002,orangecars,unrestricted,baseline,1100000,1325000.0,,,False
main:orangecars:unrestricted:baseline:0011,orangecars,unrestricted,baseline,4200000,1325000.0,,,False
main:orangecars:unrestricted:baseline:0009,orangecars,unrestricted,baseline,520000,1325000.0,,,False
main:orangecars:unrestricted:baseline:0012,orangecars,unrestricted,baseline,2300000,1325000.0,,,False
main:orangecars:unrestricted:baseline:0010,orangecars,unrestricted,baseline,525000,1325000.0,,,False
main:orangecars:unrestricted:baseline:0013,orangecars,unrestricted,baseline,2000000,1325000.0,,,False
main:orangecars:unrestricted:baseline:0016,orangecars,unrestricted,baseline,1500000,1325000.0,,,False
main:orangecars:unrestricted:baseline:0014,orangecars,unrestricted,baseline,1100000,1325000.0,,,False
main:orangecars:unrestricted:baseline:0015,orangecars,unrestricted,baseline,1250000,1325000.0,,,False
main:orangecars:unrestricted:baseline:0017,orangecars,unrestricted,baseline,2835000,1325000.0,,,False
main:orangecars:unrestricted:baseline:0020,orangecars,unrestricted,baseline,2300000,1325000.0,,,False
main:orangecars:unrestricted:baseline:0018,orangecars,unrestricted,baseline,1025000,1325000.0,,,False
main:orangecars:unrestricted:baseline:0021,orangecars,unrestricted,baseline,750000,1325000.0,,,False
main:orangecars:unrestricted:baseline:0019,orangecars,unrestricted,baseline,1480000,1325000.0,,,False
main:orangecars:unrestricted:baseline:0023,orangecars,unrestricted,baseline,1200000,1325000.0,,,False
main:orangecars:unrestricted:baseline:0022,orangecars,unrestricted,baseline,1350000,1325000.0,,,False
main:orangecars:unrestricted:baseline:0025,orangecars,unrestricted,baseline,1250000,1325000.0,,,False
main:orangecars:unrestricted:baseline:0024,orangecars,unrestricted,baseline,2250000,1325000.0,,,False
main:orangecars:unrestricted:baseline:0026,orangecars,unrestricted,baseline,2180000,1325000.0,,,False
main:orangecars:unrestricted:baseline:0028,orangecars,unrestricted,baseline,1100000,1325000.0,,,False
main:orangecars:unrestricted:baseline:0027,orangecars,unrestricted,baseline,5400000,1325000.0,,,False
main:orangecars:unrestricted:baseline:0029,orangecars,unrestricted,baseline,185000,1325000.0,,,False
main:orangecars:unrestricted:baseline:0031,orangecars,unrestricted,baseline,270000,1325000.0,,,False
main:orangecars:unrestricted:baseline:0032,orangecars,unrestricted,baseline,2000000,1325000.0,,,False
main:orangecars:unrestricted:baseline:0030,orangecars,unrestricted,baseline,1100000,1325000.0,,,False
main:orangecars:unrestricted:baseline:0033,orangecars,unrestricted,baseline,1568000,1325000.0,,,False
main:orangecars:unrestricted:baseline:0034,orangecars,unrestricted,baseline,2300000,1325000.0,,,False
main:orangecars:unrestricted:baseline:0035,orangecars,unrestricted,baseline,3260000,1325000.0,,,False
main:orangecars:unrestricted:baseline:0037,orangecars,unrestricted,baseline,3300000,1325000.0,,,False
main:orangecars:unrestricted:baseline:0039,orangecars,unrestricted,baseline,840000,1325000.0,,,False
main:orangecars:unrestricted:baseline:0038,orangecars,unrestricted,baseline,2100000,1325000.0,,,False
main:orangecars:unrestricted:baseline:0036,orangecars,unrestricted,baseline,2150000,1325000.0,,,False
main:orangecars:unrestricted:baseline:0040,orangecars,unrestricted,baseline,740000,1325000.0,,,False
main:orangecars:unrestricted:baseline:0041,orangecars,unrestricted,baseline,700000,1325000.0,,,False
main:orangecars:unrestricted:baseline:0042,orangecars,unrestricted,baseline,4000000,1325000.0,,,False
main:orangecars:unrestricted:baseline:0043,orangecars,unrestricted,baseline,1300000,1325000.0,,,False
main:orangecars:unrestricted:baseline:0045,orangecars,unrestricted,baseline,540000,1325000.0,,,False
main:orangecars:unrestricted:baseline:0044,orangecars,unrestricted,baseline,650000,1325000.0,,,False
main:orangecars:unrestricted:baseline:0046,orangecars,unrestricted,baseline,1280000,1325000.0,,,False
main:orangecars:unrestricted:baseline:0047,orangecars,unrestricted,baseline,3900000,1325000.0,,,False
main:orangecars:unrestricted:baseline:0049,orangecars,unrestricted,baseline,2250000,1325000.0,,,False
main:orangecars:unrestricted:baseline:0048,orangecars,unrestricted,baseline,503000,1325000.0,,,False
main:orangecars:unrestricted:above_good:0000,orangecars,unrestricted,above_good,1341340,1325000.0,,,False
main:orangecars:unrestricted:above_good:0001,orangecars,unrestricted,above_good,2150000,1325000.0,,,False
main:orangecars:unrestricted:above_good:0003,orangecars,unrestricted,above_good,1310000,1325000.0,,,False
main:orangecars:unrestricted:above_good:0002,orangecars,unrestricted,above_good,1391000,1325000.0,,,False
main:orangecars:unrestricted:above_good:0005,orangecars,unrestricted,above_good,1040000,1325000.0,,,False
main:orangecars:unrestricted:above_good:0004,orangecars,unrestricted,above_good,1329000,1325000.0,,,False
main:orangecars:unrestricted:above_good:0006,orangecars,unrestricted,above_good,1330000,1325000.0,,,False
main:orangecars:unrestricted:above_good:0009,orangecars,unrestricted,above_good,1160000,1325000.0,,,False
main:orangecars:unrestricted:above_good:0010,orangecars,unrestricted,above_good,1050000,1325000.0,,,False
main:orangecars:unrestricted:above_good:0007,orangecars,unrestricted,above_good,1930000,1325000.0,,,False
main:orangecars:unrestricted:above_good:0008,orangecars,unrestricted,above_good,1854000,1325000.0,,,False
main:orangecars:unrestricted:above_good:0011,orangecars,unrestricted,above_good,1347000,1325000.0,,,False
main:orangecars:unrestricted:above_good:0012,orangecars,unrestricted,above_good,1460000,1325000.0,,,False
main:orangecars:unrestricted:above_good:0013,orangecars,unrestricted,above_good,1440000,1325000.0,,,False
main:orangecars:unrestricted:above_good:0014,orangecars,unrestricted,above_good,2035842,1325000.0,,,False
main:orangecars:unrestricted:above_good:0015,orangecars,unrestricted,above_good,882000,1325000.0,,,False
main:orangecars:unrestricted:above_good:0016,orangecars,unrestricted,above_good,1318000,1325000.0,,,False
main:orangecars:unrestricted:above_good:0017,orangecars,unrestricted,above_good,875000,1325000.0,,,False
main:orangecars:unrestricted:above_good:0020,orangecars,unrestricted,above_good,1450000,1325000.0,,,False
main:orangecars:unrestricted:above_good:0018,orangecars,unrestricted,above_good,1270000,1325000.0,,,False
main:orangecars:unrestricted:above_good:0019,orangecars,unrestricted,above_good,2590000,1325000.0,,,False
main:orangecars:unrestricted:above_good:0022,orangecars,unrestricted,above_good,2205000,1325000.0,,,False
main:orangecars:unrestricted:above_good:0021,orangecars,unrestricted,above_good,750000,1325000.0,,,False
main:orangecars:unrestricted:above_good:0024,orangecars,unrestricted,above_good,6450000,1325000.0,,,False
main:orangecars:unrestricted:above_good:0026,orangecars,unrestricted,above_good,2400000,1325000.0,,,False
main:orangecars:unrestricted:above_good:0023,orangecars,unrestricted,above_good,5400000,1325000.0,,,False
main:orangecars:unrestricted:above_good:0027,orangecars,unrestricted,above_good,1490000,1325000.0,,,False
main:orangecars:unrestricted:above_good:0025,orangecars,unrestricted,above_good,1200000,1325000.0,,,False
main:orangecars:unrestricted:above_good:0030,orangecars,unrestricted,above_good,2300000,1325000.0,,,False
main:orangecars:unrestricted:above_good:0028,orangecars,unrestricted,above_good,1320000,1325000.0,,,False
main:orangecars:unrestricted:above_good:0031,orangecars,unrestricted,above_good,2800000,1325000.0,,,False
main:orangecars:unrestricted:above_good:0032,orangecars,unrestricted,above_good,1450000,1325000.0,,,False
main:orangecars:unrestricted:above_good:0029,orangecars,unrestricted,above_good,346500,1325000.0,,,False
main:orangecars:unrestricted:above_good:0033,orangecars,unrestricted,above_good,860000,1325000.0,,,False
main:orangecars:unrestricted:above_good:0034,orangecars,unrestricted,above_good,1457000,1325000.0,,,False
main:orangecars:unrestricted:above_good:0035,orangecars,unrestricted,above_good,1470000,1325000.0,,,False
main:orangecars:unrestricted:above_good:0036,orangecars,unrestricted,above_good,3024000,1325000.0,,,False
main:orangecars:unrestricted:above_good:0037,orangecars,unrestricted,above_good,3000000,1325000.0,,,False
main:orangecars:unrestricted:above_good:0038,orangecars,unrestricted,above_good,1280000,1325000.0,,,False
main:orangecars:unrestricted:above_good:0039,orangecars,unrestricted,above_good,3450000,1325000.0,,,False
main:orangecars:unrestricted:above_good:0042,orangecars,unrestricted,above_good,1520000,1325000.0,,,False
main:orangecars:unrestricted:above_good:0041,orangecars,unrestricted,above_good,1568000,1325000.0,,,False
main:orangecars:unrestricted:above_good:0043,orangecars,unrestricted,above_good,940000,1325000.0,,,False
main:orangecars:unrestricted:above_good:0044,orangecars,unrestricted,above_good,950000,1325000.0,,,False
main:orangecars:unrestricted:above_good:0045,orangecars,unrestricted,above_good,650000,1325000.0,,,False
main:orangecars:unrestricted:above_good:0047,orangecars,unrestricted,above_good,1165000,1325000.0,,,False
main:orangecars:unrestricted:above_good:0040,orangecars,unrestricted,above_good,978000,1325000.0,,,False
main:orangecars:unrestricted:above_good:0046,orangecars,unrestricted,above_good,1100000,1325000.0,,,False
main:orangecars:unrestricted:above_good:0048,orangecars,unrestricted,above_good,1650000,1325000.0,,,False
main:orangecars:unrestricted:above_good:0049,orangecars,unrestricted,above_good,1310000,1325000.0,,,False
main:orangecars:unrestricted:below_good:0001,orangecars,unrestricted,below_good,1290000,1325000.0,,,False
main:orangecars:unrestricted:below_good:0002,orangecars,unrestricted,below_good,1330000,1325000.0,,,False
main:orangecars:unrestricted:below_good:0003,orangecars,unrestricted,below_good,681927,1325000.0,,,False
main:orangecars:unrestricted:below_good:0000,orangecars,unrestricted,below_good,1387000,1325000.0,,,False
main:orangecars:unrestricted:below_good:0004,orangecars,unrestricted,below_good,1338045,1325000.0,,,False
main:orangecars:unrestricted:below_good:0005,orangecars,unrestricted,below_good,1050000,1325000.0,,,False
main:orangecars:unrestricted:below_good:0006,orangecars,unrestricted,below_good,1070000,1325000.0,,,False
main:orangecars:unrestricted:below_good:0008,orangecars,unrestricted,below_good,420000,1325000.0,,,False
main:orangecars:unrestricted:below_good:0007,orangecars,unrestricted,below_good,730000,1325000.0,,,False
main:orangecars:unrestricted:below_good:0009,orangecars,unrestricted,below_good,380000,1325000.0,,,False
main:orangecars:unrestricted:below_good:0010,orangecars,unrestricted,below_good,1545600,1325000.0,,,False
main:orangecars:unrestricted:below_good:0011,orangecars,unrestricted,below_good,1070000,1325000.0,,,False
main:orangecars:unrestricted:below_good:0013,orangecars,unrestricted,below_good,1278000,1325000.0,,,False
main:orangecars:unrestricted:below_good:0014,orangecars,unrestricted,below_good,1650000,1325000.0,,,False
main:orangecars:unrestricted:below_good:0012,orangecars,unrestricted,below_good,437000,1325000.0,,,False
main:orangecars:unrestricted:below_good:0016,orangecars,unrestricted,below_good,1940000,1325000.0,,,False
main:orangecars:unrestricted:below_good:0015,orangecars,unrestricted,below_good,1180000,1325000.0,,,False
main:orangecars:unrestricted:below_good:0017,orangecars,unrestricted,below_good,600000,1325000.0,,,False
main:orangecars:unrestricted:below_good:0018,orangecars,unrestricted,below_good,1514000,1325000.0,,,False
main:orangecars:unrestricted:below_good:0019,orangecars,unrestricted,below_good,1234000,1325000.0,,,False
main:orangecars:unrestricted:below_good:0020,orangecars,unrestricted,below_good,1176000,1325000.0,,,False
main:orangecars:unrestricted:below_good:0021,orangecars,unrestricted,below_good,1587600,1325000.0,,,False
main:orangecars:unrestricted:below_good:0023,orangecars,unrestricted,below_good,1040000,1325000.0,,,False
main:orangecars:unrestricted:below_good:0022,orangecars,unrestricted,below_good,1547000,1325000.0,,,False
main:orangecars:unrestricted:below_good:0024,orangecars,unrestricted,below_good,1400000,1325000.0,,,False
main:orangecars:unrestricted:below_good:0025,orangecars,unrestricted,below_good,2250000,1325000.0,,,False
main:orangecars:unrestricted:below_good:0026,orangecars,unrestricted,below_good,212612,1325000.0,,,False
main:orangecars:unrestricted:below_good:0028,orangecars,unrestricted,below_good,1350000,1325000.0,,,False
main:orangecars:unrestricted:below_good:0030,orangecars,unrestricted,below_good,780000,1325000.0,,,False
main:orangecars:unrestricted:below_good:0029,orangecars,unrestricted,below_good,1460000,1325000.0,,,False
main:orangecars:unrestricted:below_good:0027,orangecars,unrestricted,below_good,3870000,1325000.0,,,False
main:orangecars:unrestricted:below_good:0031,orangecars,unrestricted,below_good,1350000,1325000.0,,,False
main:orangecars:unrestricted:below_good:0032,orangecars,unrestricted,below_good,1530000,1325000.0,,,False
main:orangecars:unrestricted:below_good:0034,orangecars,unrestricted,below_good,1102500,1325000.0,,,False
main:orangecars:unrestricted:below_good:0033,orangecars,unrestricted,below_good,1250000,1325000.0,,,False
main:orangecars:unrestricted:below_good:0035,orangecars,unrestricted,below_good,240000,1325000.0,,,False
main:orangecars:unrestricted:below_good:0036,orangecars,unrestricted,below_good,600000,1325000.0,,,False
main:orangecars:unrestricted:below_good:0037,orangecars,unrestricted,below_good,650000,1325000.0,,,False
main:orangecars:unrestricted:below_good:0039,orangecars,unrestricted,below_good,2450000,1325000.0,,,False
main:orangecars:unrestricted:below_good:0038,orangecars,unrestricted,below_good,730000,1325000.0,,,False
main:orangecars:unrestricted:below_good:0040,orangecars,unrestricted,below_good,1140000,1325000.0,,,False
main:orangecars:unrestricted:below_good:0041,orangecars,unrestricted,below_good,1096000,1325000.0,,,False
main:orangecars:unrestricted:below_good:0043,orangecars,unrestricted,below_good,630000,1325000.0,,,False
main:orangecars:unrestricted:below_good:0042,orangecars,unrestricted,below_good,792000,1325000.0,,,False
main:orangecars:unrestricted:below_good:0047,orangecars,unrestricted,below_good,1350000,1325000.0,,,False
main:orangecars:unrestricted:below_good:0045,orangecars,unrestricted,below_good,780000,1325000.0,,,False
main:orangecars:unrestricted:below_good:0046,orangecars,unrestricted,below_good,4200000,1325000.0,,,False
main:orangecars:unrestricted:below_good:0049,orangecars,unrestricted,below_good,334000,1325000.0,,,False
main:orangecars:unrestricted:below_good:0048,orangecars,unrestricted,below_good,1225000,1325000.0,,,False
main:orangecars:unrestricted:below_good:0044,orangecars,unrestricted,below_good,1330000,1325000.0,,,False
main:orangecars:bounded:baseline:0002,orangecars,bounded,baseline,1150000,1325000.0,662500,1987500,False
main:orangecars:bounded:baseline:0001,orangecars,bounded,baseline,1185000,1325000.0,662500,1987500,False
main:orangecars:bounded:baseline:0000,orangecars,bounded,baseline,1075000,1325000.0,662500,1987500,False
main:orangecars:bounded:baseline:0003,orangecars,bounded,baseline,1650000,1325000.0,662500,1987500,False
main:orangecars:bounded:baseline:0004,orangecars,bounded,baseline,1250000,1325000.0,662500,1987500,False
main:orangecars:bounded:baseline:0006,orangecars,bounded,baseline,1486000,1325000.0,662500,1987500,False
main:orangecars:bounded:baseline:0005,orangecars,bounded,baseline,1150000,1325000.0,662500,1987500,False
main:orangecars:bounded:baseline:0007,orangecars,bounded,baseline,830000,1325000.0,662500,1987500,False
main:orangecars:bounded:baseline:0010,orangecars,bounded,baseline,1250000,1325000.0,662500,1987500,False
main:orangecars:bounded:baseline:0009,orangecars,bounded,baseline,1035000,1325000.0,662500,1987500,False
main:orangecars:bounded:baseline:0008,orangecars,bounded,baseline,1480000,1325000.0,662500,1987500,False
main:orangecars:bounded:baseline:0012,orangecars,bounded,baseline,950000,1325000.0,662500,1987500,False
main:orangecars:bounded:baseline:0014,orangecars,bounded,baseline,1400000,1325000.0,662500,1987500,False
main:orangecars:bounded:baseline:0011,orangecars,bounded,baseline,1210000,1325000.0,662500,1987500,False
main:orangecars:bounded:baseline:0016,orangecars,bounded,baseline,1170000,1325000.0,662500,1987500,False
main:orangecars:bounded:baseline:0013,orangecars,bounded,baseline,857500,1325000.0,662500,1987500,False
main:orangecars:bounded:baseline:0018,orangecars,bounded,baseline,875000,1325000.0,662500,1987500,False
main:orangecars:bounded:baseline:0019,orangecars,bounded,baseline,1274000,1325000.0,662500,1987500,False
main:orangecars:bounded:baseline:0017,orangecars,bounded,baseline,1540000,1325000.0,662500,1987500,False
main:orangecars:bounded:baseline:0015,orangecars,bounded,baseline,1350000,1325000.0,662500,1987500,False
main:orangecars:bounded:baseline:0021,orangecars,bounded,baseline,1050000,1325000.0,662500,1987500,False
main:orangecars:bounded:baseline:0022,orangecars,bounded,baseline,1350000,1325000.0,662500,1987500,False
main:orangecars:bounded:baseline:0020,orangecars,bounded,baseline,1040000,1325000.0,662500,1987500,False
main:orangecars:bounded:baseline:0023,orangecars,bounded,baseline,980000,1325000.0,662500,1987500,False
main:orangecars:bounded:baseline:0024,orangecars,bounded,baseline,1080000,1325000.0,662500,1987500,False
main:orangecars:bounded:baseline:0025,orangecars,bounded,baseline,1512000,1325000.0,662500,1987500,False
main:orangecars:bounded:baseline:0026,orangecars,bounded,baseline,784000,1325000.0,662500,1987500,False
main:orangecars:bounded:baseline:0027,orangecars,bounded,baseline,785000,1325000.0,662500,1987500,False
main:orangecars:bounded:baseline:0029,orangecars,bounded,baseline,806400,1325000.0,662500,1987500,False
main:orangecars:bounded:baseline:0030,orangecars,bounded,baseline,1290240,1325000.0,662500,1987500,False
main:orangecars:bounded:baseline:0028,orangecars,bounded,baseline,1430000,1325000.0,662500,1987500,False
main:orangecars:bounded:baseline:0031,orangecars,bounded,baseline,892000,1325000.0,662500,1987500,False
main:orangecars:bounded:baseline:0032,orangecars,bounded,baseline,1148000,1325000.0,662500,1987500,False
main:orangecars:bounded:baseline:0034,orangecars,bounded,baseline,1550000,1325000.0,662500,1987500,False
main:orangecars:bounded:baseline:0033,orangecars,bounded,baseline,1050000,1325000.0,662500,1987500,False
main:orangecars:bounded:baseline:0035,orangecars,bounded,baseline,824320,1325000.0,662500,1987500,False
main:orangecars:bounded:baseline:0036,orangecars,bounded,baseline,1750000,1325000.0,662500,1987500,False
main:orangecars:bounded:baseline:0039,orangecars,bounded,baseline,810000,1325000.0,662500,1987500,False
main:orangecars:bounded:baseline:0040,orangecars,bounded,baseline,822000,1325000.0,662500,1987500,False
main:orangecars:bounded:baseline:0038,orangecars,bounded,baseline,1070000,1325000.0,662500,1987500,False
main:orangecars:bounded:baseline:0041,orangecars,bounded,baseline,1200000,1325000.0,662500,1987500,False
main:orangecars:bounded:baseline:0042,orangecars,bounded,baseline,1299375,1325000.0,662500,1987500,False
main:orangecars:bounded:baseline:0037,orangecars,bounded,baseline,1102500,1325000.0,662500,1987500,False
main:orangecars:bounded:baseline:0043,orangecars,bounded,baseline,1518750,1325000.0,662500,1987500,False
main:orangecars:bounded:baseline:0045,orangecars,bounded,baseline,1325000,1325000.0,662500,1987500,False
main:orangecars:bounded:baseline:0046,orangecars,bounded,baseline,1325000,1325000.0,662500,1987500,False
main:orangecars:bounded:baseline:0044,orangecars,bounded,baseline,1050000,1325000.0,662500,1987500,False
main:orangecars:bounded:baseline:0049,orangecars,bounded,baseline,945000,1325000.0,662500,1987500,False
main:orangecars:bounded:baseline:0048,orangecars,bounded,baseline,1350000,1325000.0,662500,1987500,False
main:orangecars:bounded:baseline:0047,orangecars,bounded,baseline,1312500,1325000.0,662500,1987500,False
main:orangecars:bounded:above_good:0002,orangecars,bounded,above_good,1017000,1325000.0,662500,1987500,False
main:orangecars:bounded:above_good:0000,orangecars,bounded,above_good,780000,1325000.0,662500,1987500,False
main:orangecars:bounded:above_good:0003,orangecars,bounded,above_good,1550000,1325000.0,662500,1987500,False
main:orangecars:bounded:above_good:0004,orangecars,bounded,above_good,1350000,1325000.0,662500,1987500,False
main:orangecars:bounded:above_good:0007,orangecars,bounded,above_good,1250000,1325000.0,662500,1987500,False
main:orangecars:bounded:above_good:0008,orangecars,bounded,above_good,985000,1325000.0,662500,1987500,False
main:orangecars:bounded:above_good:0001,orangecars,bounded,above_good,1425000,1325000.0,662500,1987500,False
main:orangecars:bounded:above_good:0005,orangecars,bounded,above_good,1490000,1325000.0,662500,1987500,False
main:orangecars:bounded:above_good:0006,orangecars,bounded,above_good,1340000,1325000.0,662500,1987500,False
main:orangecars:bounded:above_good:0011,orangecars,bounded,above_good,1250000,1325000.0,662500,1987500,False
main:orangecars:bounded:above_good:0010,orangecars,bounded,above_good,930000,1325000.0,662500,1987500,False
main:orangecars:bounded:above_good:0012,orangecars,bounded,above_good,1500000,1325000.0,662500,1987500,False
main:orangecars:bounded:above_good:0009,orangecars,bounded,above_good,985000,1325000.0,662500,1987500,False
main:orangecars:bounded:above_good:0014,orangecars,bounded,above_good,1350000,1325000.0,662500,1987500,False
main:orangecars:bounded:above_good:0015,orangecars,bounded,above_good,1420000,1325000.0,662500,1987500,False
main:orangecars:bounded:above_good:0013,orangecars,bounded,above_good,1285000,1325000.0,662500,1987500,False
main:orangecars:bounded:above_good:0016,orangecars,bounded,above_good,1300000,1325000.0,662500,1987500,False
main:orangecars:bounded:above_good:0018,orangecars,bounded,above_good,1325000,1325000.0,662500,1987500,False
main:orangecars:bounded:above_good:0019,orangecars,bounded,above_good,1050000,1325000.0,662500,1987500,False
main:orangecars:bounded:above_good:0020,orangecars,bounded,above_good,945000,1325000.0,662500,1987500,False
main:orangecars:bounded:above_good:0022,orangecars,bounded,above_good,1325000,1325000.0,662500,1987500,False
main:orangecars:bounded:above_good:0021,orangecars,bounded,above_good,1553000,1325000.0,662500,1987500,False
main:orangecars:bounded:above_good:0024,orangecars,bounded,above_good,950000,1325000.0,662500,1987500,False
main:orangecars:bounded:above_good:0025,orangecars,bounded,above_good,1085000,1325000.0,662500,1987500,False
main:orangecars:bounded:above_good:0023,orangecars,bounded,above_good,1230000,1325000.0,662500,1987500,False
main:orangecars:bounded:above_good:0027,orangecars,bounded,above_good,1415880,1325000.0,662500,1987500,False
main:orangecars:bounded:above_good:0028,orangecars,bounded,above_good,1341375,1325000.0,662500,1987500,False
main:orangecars:bounded:above_good:0030,orangecars,bounded,above_good,1350000,1325000.0,662500,1987500,False
main:orangecars:bounded:above_good:0029,orangecars,bounded,above_good,1450000,1325000.0,662500,1987500,False
main:orangecars:bounded:above_good:0031,orangecars,bounded,above_good,1411200,1325000.0,662500,1987500,False
main:orangecars:bounded:above_good:0032,orangecars,bounded,above_good,1410000,1325000.0,662500,1987500,False
main:orangecars:bounded:above_good:0033,orangecars,bounded,above_good,1550000,1325000.0,662500,1987500,False
main:orangecars:bounded:above_good:0026,orangecars,bounded,above_good,1620000,1325000.0,662500,1987500,False
main:orangecars:bounded:above_good:0034,orangecars,bounded,above_good,817000,1325000.0,662500,1987500,False
main:orangecars:bounded:above_good:0035,orangecars,bounded,above_good,1480000,1325000.0,662500,1987500,False
main:orangecars:bounded:above_good:0036,orangecars,bounded,above_good,1385000,1325000.0,662500,1987500,False
main:orangecars:bounded:above_good:0038,orangecars,bounded,above_good,950000,1325000.0,662500,1987500,False
main:orangecars:bounded:above_good:0039,orangecars,bounded,above_good,1300000,1325000.0,662500,1987500,False
main:orangecars:bounded:above_good:0037,orangecars,bounded,above_good,1750000,1325000.0,662500,1987500,False
main:orangecars:bounded:above_good:0040,orangecars,bounded,above_good,1500000,1325000.0,662500,1987500,False
main:orangecars:bounded:above_good:0041,orangecars,bounded,above_good,913500,1325000.0,662500,1987500,False
main:orangecars:bounded:above_good:0042,orangecars,bounded,above_good,1425000,1325000.0,662500,1987500,False
main:orangecars:bounded:above_good:0045,orangecars,bounded,above_good,877000,1325000.0,662500,1987500,False
main:orangecars:bounded:above_good:0044,orangecars,bounded,above_good,1600000,1325000.0,662500,1987500,False
main:orangecars:bounded:above_good:0047,orangecars,bounded,above_good,1470000,1325000.0,662500,1987500,False
main:orangecars:bounded:above_good:0046,orangecars,bounded,above_good,1160000,1325000.0,662500,1987500,False
main:orangecars:bounded:above_good:0048,orangecars,bounded,above_good,1450000,1325000.0,662500,1987500,False
main:orangecars:bounded:above_good:0049,orangecars,bounded,above_good,1550000,1325000.0,662500,1987500,False
main:orangecars:bounded:above_good:0043,orangecars,bounded,above_good,1289000,1325000.0,662500,1987500,False
main:orangecars:bounded:below_good:0000,orangecars,bounded,below_good,1200000,1325000.0,662500,1987500,False
main:orangecars:bounded:below_good:0002,orangecars,bounded,below_good,988000,1325000.0,662500,1987500,False
main:orangecars:bounded:below_good:0003,orangecars,bounded,below_good,1250000,1325000.0,662500,1987500,False
main:orangecars:bounded:below_good:0001,orangecars,bounded,below_good,1338000,1325000.0,662500,1987500,False
main:orangecars:bounded:below_good:0004,orangecars,bounded,below_good,830000,1325000.0,662500,1987500,False
main:orangecars:bounded:below_good:0005,orangecars,bounded,below_good,1512000,1325000.0,662500,1987500,False
main:orangecars:bounded:below_good:0006,orangecars,bounded,below_good,672000,1325000.0,662500,1987500,False
main:orangecars:bounded:below_good:0007,orangecars,bounded,below_good,1100000,1325000.0,662500,1987500,False
main:orangecars:bounded:below_good:0008,orangecars,bounded,below_good,1250000,1325000.0,662500,1987500,False
main:orangecars:bounded:below_good:0009,orangecars,bounded,below_good,1200000,1325000.0,662500,1987500,False
main:orangecars:bounded:below_good:0011,orangecars,bounded,below_good,1300000,1325000.0,662500,1987500,False
main:orangecars:bounded:below_good:0013,orangecars,bounded,below_good,1482570,1325000.0,662500,1987500,False
main:orangecars:bounded:below_good:0012,orangecars,bounded,below_good,1150000,1325000.0,662500,1987500,False
main:orangecars:bounded:below_good:0010,orangecars,bounded,below_good,1164240,1325000.0,662500,1987500,False
main:orangecars:bounded:below_good:0014,orangecars,bounded,below_good,1190700,1325000.0,662500,1987500,False
main:orangecars:bounded:below_good:0017,orangecars,bounded,below_good,1325000,1325000.0,662500,1987500,False
main:orangecars:bounded:below_good:0015,orangecars,bounded,below_good,1250000,1325000.0,662500,1987500,False
main:orangecars:bounded:below_good:0018,orangecars,bounded,below_good,1344000,1325000.0,662500,1987500,False
main:orangecars:bounded:below_good:0016,orangecars,bounded,below_good,890000,1325000.0,662500,1987500,False
main:orangecars:bounded:below_good:0020,orangecars,bounded,below_good,1230000,1325000.0,662500,1987500,False
main:orangecars:bounded:below_good:0021,orangecars,bounded,below_good,1380000,1325000.0,662500,1987500,False
main:orangecars:bounded:below_good:0019,orangecars,bounded,below_good,1245000,1325000.0,662500,1987500,False
main:orangecars:bounded:below_good:0024,orangecars,bounded,below_good,783000,1325000.0,662500,1987500,False
main:orangecars:bounded:below_good:0022,orangecars,bounded,below_good,1320000,1325000.0,662500,1987500,False
main:orangecars:bounded:below_good:0025,orangecars,bounded,below_good,1020000,1325000.0,662500,1987500,False
main:orangecars:bounded:below_good:0026,orangecars,bounded,below_good,965000,1325000.0,662500,1987500,False
main:orangecars:bounded:below_good:0023,orangecars,bounded,below_good,1209600,1325000.0,662500,1987500,False
main:orangecars:bounded:below_good:0028,orangecars,bounded,below_good,1230000,1325000.0,662500,1987500,False
main:orangecars:bounded:below_good:0027,orangecars,bounded,below_good,1300000,1325000.0,662500,1987500,False
main:orangecars:bounded:below_good:0030,orangecars,bounded,below_good,1296000,1325000.0,662500,1987500,False
main:orangecars:bounded:below_good:0031,orangecars,bounded,below_good,1000000,1325000.0,662500,1987500,False
main:orangecars:bounded:below_good:0029,orangecars,bounded,below_good,750000,1325000.0,662500,1987500,False
main:orangecars:bounded:below_good:0033,orangecars,bounded,below_good,1270000,1325000.0,662500,1987500,False
main:orangecars:bounded:below_good:0034,orangecars,bounded,below_good,1050000,1325000.0,662500,1987500,False
main:orangecars:bounded:below_good:0035,orangecars,bounded,below_good,1225000,1325000.0,662500,1987500,False
main:orangecars:bounded:below_good:0037,orangecars,bounded,below_good,1370000,1325000.0,662500,1987500,False
main:orangecars:bounded:below_good:0039,orangecars,bounded,below_good,1275000,1325000.0,662500,1987500,False
main:orangecars:bounded:below_good:0032,orangecars,bounded,below_good,1150000,1325000.0,662500,1987500,False
main:orangecars:bounded:below_good:0036,orangecars,bounded,below_good,1580000,1325000.0,662500,1987500,False
main:orangecars:bounded:below_good:0040,orangecars,bounded,below_good,1640000,1325000.0,662500,1987500,False
main:orangecars:bounded:below_good:0043,orangecars,bounded,below_good,850000,1325000.0,662500,1987500,False
main:orangecars:bounded:below_good:0044,orangecars,bounded,below_good,1050000,1325000.0,662500,1987500,False
main:orangecars:bounded:below_good:0045,orangecars,bounded,below_good,725000,1325000.0,662500,1987500,False
main:orangecars:bounded:below_good:0042,orangecars,bounded,below_good,1150000,1325000.0,662500,1987500,False
main:orangecars:bounded:below_good:0047,orangecars,bounded,below_good,1425000,1325000.0,662500,1987500,False
main:orangecars:bounded:below_good:0046,orangecars,bounded,below_good,1413720,1325000.0,662500,1987500,False
main:orangecars:bounded:below_good:0048,orangecars,bounded,below_good,860000,1325000.0,662500,1987500,False
main:orangecars:bounded:below_good:0049,orangecars,bounded,below_good,1100000,1325000.0,662500,1987500,False
main:windowdays:unrestricted:baseline:0000,windowdays,unrestricted,baseline,10950000000,445000000.0,,,False
main:windowdays:unrestricted:baseline:0002,windowdays,unrestricted,baseline,6600000000,445000000.0,,,False
main:windowdays:unrestricted:baseline:0003,windowdays,unrestricted,baseline,1200000000,445000000.0,,,False
main:windowdays:unrestricted:baseline:0004,windowdays,unrestricted,baseline,1740000000,445000000.0,,,False
main:windowdays:unrestricted:baseline:0005,windowdays,unrestricted,baseline,1900000000,445000000.0,,,False
main:windowdays:unrestricted:baseline:0006,windowdays,unrestricted,baseline,45000000,445000000.0,,,False
main:windowdays:unrestricted:baseline:0008,windowdays,unrestricted,baseline,450000000,445000000.0,,,False
main:windowdays:unrestricted:baseline:0007,windowdays,unrestricted,baseline,1100000000,445000000.0,,,False
main:windowdays:unrestricted:baseline:0010,windowdays,unrestricted,baseline,1780000000,445000000.0,,,False
main:windowdays:unrestricted:baseline:0009,windowdays,unrestricted,baseline,365000000,445000000.0,,,False
main:windowdays:unrestricted:baseline:0011,windowdays,unrestricted,baseline,450000000,445000000.0,,,False
main:windowdays:unrestricted:baseline:0001,windowdays,unrestricted,baseline,950000000,445000000.0,,,False
main:windowdays:unrestricted:baseline:0012,windowdays,unrestricted,baseline,149000000,445000000.0,,,False
main:windowdays:unrestricted:baseline:0013,windowdays,unrestricted,baseline,104116,445000000.0,,,False
main:windowdays:unrestricted:baseline:0016,windowdays,unrestricted,baseline,350000000,445000000.0,,,False
main:windowdays:unrestricted:baseline:0017,windowdays,unrestricted,baseline,3125000,445000000.0,,,False
main:windowdays:unrestricted:baseline:0015,windowdays,unrestricted,baseline,1200000,445000000.0,,,False
main:windowdays:unrestricted:baseline:0014,windowdays,unrestricted,baseline,700000000,445000000.0,,,False
main:windowdays:unrestricted:baseline:0019,windowdays,unrestricted,baseline,560000000,445000000.0,,,False
main:windowdays:unrestricted:baseline:0018,windowdays,unrestricted,baseline,10000000,445000000.0,,,False
main:windowdays:unrestricted:baseline:0021,windowdays,unrestricted,baseline,740000000,445000000.0,,,False
main:windowdays:unrestricted:baseline:0022,windowdays,unrestricted,baseline,31835000,445000000.0,,,False
main:windowdays:unrestricted:baseline:0020,windowdays,unrestricted,baseline,3000000000,445000000.0,,,False
main:windowdays:unrestricted:baseline:0023,windowdays,unrestricted,baseline,980000000,445000000.0,,,False
main:windowdays:unrestricted:baseline:0024,windowdays,unrestricted,baseline,1366000000,445000000.0,,,False
main:windowdays:unrestricted:baseline:0025,windowdays,unrestricted,baseline,700000,445000000.0,,,False
main:windowdays:unrestricted:baseline:0028,windowdays,unrestricted,baseline,550000000,445000000.0,,,False
main:windowdays:unrestricted:baseline:0029,windowdays,unrestricted,baseline,440000000,445000000.0,,,False
main:windowdays:unrestricted:baseline:0030,windowdays,unrestricted,baseline,2400000000,445000000.0,,,False
main:windowdays:unrestricted:baseline:0027,windowdays,unrestricted,baseline,100000000,445000000.0,,,False
main:windowdays:unrestricted:baseline:0031,windowdays,unrestricted,baseline,1250000,445000000.0,,,False
main:windowdays:unrestricted:baseline:0026,windowdays,unrestricted,baseline,3720000,445000000.0,,,False
main:windowdays:unrestricted:baseline:0033,windowdays,unrestricted,baseline,397000000,445000000.0,,,False
main:windowdays:unrestricted:baseline:0032,windowdays,unrestricted,baseline,5000000,445000000.0,,,False
main:windowdays:unrestricted:baseline:0034,windowdays,unrestricted,baseline,2037500,445000000.0,,,False
main:windowdays:unrestricted:baseline:0035,windowdays,unrestricted,baseline,25000000,445000000.0,,,False
main:windowdays:unrestricted:baseline:0038,windowdays,unrestricted,baseline,2000000000,445000000.0,,,False
main:windowdays:unrestricted:baseline:0036,windowdays,unrestricted,baseline,1000000,445000000.0,,,False
main:windowdays:unrestricted:baseline:0039,windowdays,unrestricted,baseline,1710000000,445000000.0,,,False
main:windowdays:unrestricted:baseline:0037,windowdays,unrestricted,baseline,436000000,445000000.0,,,False
main:windowdays:unrestricted:baseline:0040,windowdays,unrestricted,baseline,480000,445000000.0,,,False
main:windowdays:unrestricted:baseline:0041,windowdays,unrestricted,baseline,260000000,445000000.0,,,False
main:windowdays:unrestricted:baseline:0042,windowdays,unrestricted,baseline,1200000000,445000000.0,,,False
main:windowdays:unrestricted:baseline:0044,windowdays,unrestricted,baseline,4000000000,445000000.0,,,False
main:windowdays:unrestricted:baseline:0043,windowdays,unrestricted,baseline,1500000000,445000000.0,,,False
main:windowdays:unrestricted:baseline:0045,windowdays,unrestricted,baseline,216000000,445000000.0,,,False
main:windowdays:unrestricted:baseline:0047,windowdays,unrestricted,baseline,231250000,445000000.0,,,False
main:windowdays:unrestricted:baseline:0046,windowdays,unrestricted,baseline,1000000000,445000000.0,,,False
main:windowdays:unrestricted:baseline:0048,windowdays,unrestricted,baseline,3398606250,445000000.0,,,False
main:windowdays:unrestricted:baseline:0049,windowdays,unrestricted,baseline,3200000,445000000.0,,,False
main:windowdays:unrestricted:above_good:0000,windowdays,unrestricted,above_good,1400000,445000000.0,,,False
main:windowdays:unrestricted:above_good:0002,windowdays,unrestricted,above_good,9200000,445000000.0,,,False
main:windowdays:unrestricted:above_good:0003,windowdays,unrestricted,above_good,850000,445000000.0,,,False
main:windowdays:unrestricted:above_good:0001,windowdays,unrestricted,above_good,443576389,445000000.0,,,False
main:windowdays:unrestricted:above_good:0004,windowdays,unrestricted,above_good,456250000,445000000.0,,,False
main:windowdays:unrestricted:above_good:0006,windowdays,unrestricted,above_good,5400000,445000000.0,,,False
main:windowdays:unrestricted:above_good:0007,windowdays,unrestricted,above_good,500000000,445000000.0,,,False
main:windowdays:unrestricted:above_good:0005,windowdays,unrestricted,above_good,2500000,445000000.0,,,False
main:windowdays:unrestricted:above_good:0008,windowdays,unrestricted,above_good,445000000,445000000.0,,,False
main:windowdays:unrestricted:above_good:0010,windowdays,unrestricted,above_good,304000000,445000000.0,,,False
main:windowdays:unrestricted:above_good:0011,windowdays,unrestricted,above_good,446000000,445000000.0,,,False
main:windowdays:unrestricted:above_good:0012,windowdays,unrestricted,above_good,445000000,445000000.0,,,False
main:windowdays:unrestricted:above_good:0009,windowdays,unrestricted,above_good,507064083,445000000.0,,,False
main:windowdays:unrestricted:above_good:0015,windowdays,unrestricted,above_good,320000000,445000000.0,,,False
main:windowdays:unrestricted:above_good:0013,windowdays,unrestricted,above_good,462000000,445000000.0,,,False
main:windowdays:unrestricted:above_good:0017,windowdays,unrestricted,above_good,445000000,445000000.0,,,False
main:windowdays:unrestricted:above_good:0014,windowdays,unrestricted,above_good,760000000,445000000.0,,,False
main:windowdays:unrestricted:above_good:0018,windowdays,unrestricted,above_good,385000000,445000000.0,,,False
main:windowdays:unrestricted:above_good:0016,windowdays,unrestricted,above_good,289000000,445000000.0,,,False
main:windowdays:unrestricted:above_good:0020,windowdays,unrestricted,above_good,431511111,445000000.0,,,False
main:windowdays:unrestricted:above_good:0019,windowdays,unrestricted,above_good,444782000,445000000.0,,,False
main:windowdays:unrestricted:above_good:0021,windowdays,unrestricted,above_good,425000000,445000000.0,,,False
main:windowdays:unrestricted:above_good:0022,windowdays,unrestricted,above_good,445000000,445000000.0,,,False
main:windowdays:unrestricted:above_good:0023,windowdays,unrestricted,above_good,447500000,445000000.0,,,False
main:windowdays:unrestricted:above_good:0024,windowdays,unrestricted,above_good,446000000,445000000.0,,,False
main:windowdays:unrestricted:above_good:0025,windowdays,unrestricted,above_good,416465000,445000000.0,,,False
main:windowdays:unrestricted:above_good:0027,windowdays,unrestricted,above_good,440000000,445000000.0,,,False
main:windowdays:unrestricted:above_good:0026,windowdays,unrestricted,above_good,520000000,445000000.0,,,False
main:windowdays:unrestricted:above_good:0028,windowdays,unrestricted,above_good,6350000,445000000.0,,,False
main:windowdays:unrestricted:above_good:0029,windowdays,unrestricted,above_good,444600000,445000000.0,,,False
main:windowdays:unrestricted:above_good:0030,windowdays,unrestricted,above_good,435000000,445000000.0,,,False
main:windowdays:unrestricted:above_good:0032,windowdays,unrestricted,above_good,620000000,445000000.0,,,False
main:windowdays:unrestricted:above_good:0031,windowdays,unrestricted,above_good,380000000,445000000.0,,,False
main:windowdays:unrestricted:above_good:0034,windowdays,unrestricted,above_good,444000000,445000000.0,,,False
main:windowdays:unrestricted:above_good:0033,windowdays,unrestricted,above_good,438000000,445000000.0,,,False
main:windowdays:unrestricted:above_good:0035,windowdays,unrestricted,above_good,460000000,445000000.0,,,False
main:windowdays:unrestricted:above_good:0036,windowdays,unrestricted,above_good,50000000,445000000.0,,,False
main:windowdays:unrestricted:above_good:0037,windowdays,unrestricted,above_good,418000000,445000000.0,,,False
main:windowdays:unrestricted:above_good:0039,windowdays,unrestricted,above_good,25000000,445000000.0,,,False
main:windowdays:unrestricted:above_good:0038,windowdays,unrestricted,above_good,447500000,445000000.0,,,False
main:windowdays:unrestricted:above_good:0040,windowdays,unrestricted,above_good,445000000,445000000.0,,,False
main:windowdays:unrestricted:above_good:0042,windowdays,unrestricted,above_good,448000000,445000000.0,,,False
main:windowdays:unrestricted:above_good:0041,windowdays,unrestricted,above_good,5600000,445000000.0,,,False
main:windowdays:unrestricted:above_good:0045,windowdays,unrestricted,above_good,447000000,445000000.0,,,False
main:windowdays:unrestricted:above_good:0043,windowdays,unrestricted,above_good,446000000,445000000.0,,,False
main:windowdays:unrestricted:above_good:0044,windowdays,unrestricted,above_good,387000000,445000000.0,,,False
main:windowdays:unrestricted:above_good:0049,windowdays,unrestricted,above_good,3740000,445000000.0,,,False
main:windowdays:unrestricted:above_good:0046,windowdays,unrestricted,above_good,440000000,445000000.0,,,False
main:windowdays:unrestricted:above_good:0048,windowdays,unrestricted,above_good,620000000,445000000.0,,,False
main:windowdays:unrestricted:above_good:0047,windowdays,unrestricted,above_good,2525000,445000000.0,,,False
main:windowdays:unrestricted:below_good:0000,windowdays,unrestricted,below_good,220000,445000000.0,,,False
main:windowdays:unrestricted:below_good:0002,windowdays,unrestricted,below_good,368000000,445000000.0,,,False
main:windowdays:unrestricted:below_good:0003,windowdays,unrestricted,below_good,34000000,445000000.0,,,False
main:windowdays:unrestricted:below_good:0001,windowdays,unrestricted,below_good,432000000,445000000.0,,,False
main:windowdays:unrestricted:below_good:0005,windowdays,unrestricted,below_good,480000,445000000.0,,,False
main:windowdays:unrestricted:below_good:0004,windowdays,unrestricted,below_good,451000000,445000000.0,,,False
main:windowdays:unrestricted:below_good:0007,windowdays,unrestricted,below_good,4500000,445000000.0,,,False
main:windowdays:unrestricted:below_good:0006,windowdays,unrestricted,below_good,2000000,445000000.0,,,False
main:windowdays:unrestricted:below_good:0009,windowdays,unrestricted,below_good,355000000,445000000.0,,,False
main:windowdays:unrestricted:below_good:0008,windowdays,unrestricted,below_good,3125000,445000000.0,,,False
main:windowdays:unrestricted:below_good:0010,windowdays,unrestricted,below_good,2000000,445000000.0,,,False
main:windowdays:unrestricted:below_good:0012,windowdays,unrestricted,below_good,978000,445000000.0,,,False
main:windowdays:unrestricted:below_good:0011,windowdays,unrestricted,below_good,3000000,445000000.0,,,False
main:windowdays:unrestricted:below_good:0014,windowdays,unrestricted,below_good,280000000,445000000.0,,,False
main:windowdays:unrestricted:below_good:0013,windowdays,unrestricted,below_good,340000000,445000000.0,,,False
main:windowdays:unrestricted:below_good:0015,windowdays,unrestricted,below_good,410000000,445000000.0,,,False
main:windowdays:unrestricted:below_good:0017,windowdays,unrestricted,below_good,446523125,445000000.0,,,False
main:windowdays:unrestricted:below_good:0016,windowdays,unrestricted,below_good,445000000,445000000.0,,,False
main:windowdays:unrestricted:below_good:0020,windowdays,unrestricted,below_good,438000000,445000000.0,,,False
main:windowdays:unrestricted:below_good:0018,windowdays,unrestricted,below_good,360000000,445000000.0,,,False
main:windowdays:unrestricted:below_good:0021,windowdays,unrestricted,below_good,12500000,445000000.0,,,False
main:windowdays:unrestricted:below_good:0019,windowdays,unrestricted,below_good,7800000,445000000.0,,,False
main:windowdays:unrestricted:below_good:0022,windowdays,unrestricted,below_good,444000000,445000000.0,,,False
main:windowdays:unrestricted:below_good:0023,windowdays,unrestricted,below_good,290000000,445000000.0,,,False
main:windowdays:unrestricted:below_good:0025,windowdays,unrestricted,below_good,459000000,445000000.0,,,False
main:windowdays:unrestricted:below_good:0027,windowdays,unrestricted,below_good,14500000,445000000.0,,,False
main:windowdays:unrestricted:below_good:0024,windowdays,unrestricted,below_good,428000000,445000000.0,,,False
main:windowdays:unrestricted:below_good:0026,windowdays,unrestricted,below_good,380000000,445000000.0,,,False
main:windowdays:unrestricted:below_good:0030,windowdays,unrestricted,below_good,2100000,445000000.0,,,False
main:windowdays:unrestricted:below_good:0032,windowdays,unrestricted,below_good,47000000,445000000.0,,,False
main:windowdays:unrestricted:below_good:0031,windowdays,unrestricted,below_good,163000000,445000000.0,,,False
main:windowdays:unrestricted:below_good:0033,windowdays,unrestricted,below_good,438000000,445000000.0,,,False
main:windowdays:unrestricted:below_good:0034,windowdays,unrestricted,below_good,8000000,445000000.0,,,False
main:windowdays:unrestricted:below_good:0035,windowdays,unrestricted,below_good,436000000,445000000.0,,,False
main:windowdays:unrestricted:below_good:0036,windowdays,unrestricted,below_good,400000000,445000000.0,,,False
main:windowdays:unrestricted:below_good:0037,windowdays,unrestricted,below_good,441000000,445000000.0,,,False
main:windowdays:unrestricted:below_good:0038,windowdays,unrestricted,below_good,1200000,445000000.0,,,False
main:windowdays:unrestricted:below_good:0039,windowdays,unrestricted,below_good,397000000,445000000.0,,,False
main:windowdays:unrestricted:below_good:0040,windowdays,unrestricted,below_good,519000000,445000000.0,,,False
main:windowdays:unrestricted:below_good:0041,windowdays,unrestricted,below_good,418000000,445000000.0,,,False
main:windowdays:unrestricted:below_good:0043,windowdays,unrestricted,below_good,447200000,445000000.0,,,False
main:windowdays:unrestricted:below_good:0042,windowdays,unrestricted,below_good,350000000,445000000.0,,,False
main:windowdays:unrestricted:below_good:0044,windowdays,unrestricted,below_good,429000000,445000000.0,,,False
main:windowdays:unrestricted:below_good:0045,windowdays,unrestricted,below_good,425000000,445000000.0,,,False
main:windowdays:unrestricted:below_good:0046,windowdays,unrestricted,below_good,414000000,445000000.0,,,False
main:windowdays:unrestricted:below_good:0048,windowdays,unrestricted,below_good,410000000,445000000.0,,,False
main:windowdays:unrestricted:below_good:0047,windowdays,unrestricted,below_good,450000000,445000000.0,,,False
main:windowdays:unrestricted:below_good:0049,windowdays,unrestricted,below_good,175000000,445000000.0,,,False
main:windowdays:unrestricted:below_good:0029,windowdays,unrestricted,below_good,448000000,445000000.0,,,False
main:windowdays:unrestricted:below_good:0028,windowdays,unrestricted,below_good,448000000,445000000.0,,,False
main:windowdays:bounded:baseline:0002,windowdays,bounded,baseline,420000000,445000000.0,222500000,667500000,False
main:windowdays:bounded:baseline:0004,windowdays,bounded,baseline,342000000,445000000.0,222500000,667500000,False
main:windowdays:bounded:baseline:0001,windowdays,bounded,baseline,445000000,445000000.0,222500000,667500000,False
main:windowdays:bounded:baseline:0000,windowdays,bounded,baseline,445000000,445000000.0,222500000,667500000,False
main:windowdays:bounded:baseline:0003,windowdays,bounded,baseline,456250000,445000000.0,222500000,667500000,False
main:windowdays:bounded:baseline:0005,windowdays,bounded,baseline,382000000,445000000.0,222500000,667500000,False
main:windowdays:bounded:baseline:0009,windowdays,bounded,baseline,340000000,445000000.0,222500000,667500000,False
main:windowdays:bounded:baseline:0007,windowdays,bounded,baseline,384000000,445000000.0,222500000,667500000,False
main:windowdays:bounded:baseline:0006,windowdays,bounded,baseline,445000000,445000000.0,222500000,667500000,False
main:windowdays:bounded:baseline:0010,windowdays,bounded,baseline,456250000,445000000.0,222500000,667500000,False
main:windowdays:bounded:baseline:0011,windowdays,bounded,baseline,445000000,445000000.0,222500000,667500000,False
main:windowdays:bounded:baseline:0013,windowdays,bounded,baseline,450000000,445000000.0,222500000,667500000,False
main:windowdays:bounded:baseline:0012,windowdays,bounded,baseline,425000000,445000000.0,222500000,667500000,False
main:windowdays:bounded:baseline:0008,windowdays,bounded,baseline,450000000,445000000.0,222500000,667500000,False
main:windowdays:bounded:baseline:0016,windowdays,bounded,baseline,450000000,445000000.0,222500000,667500000,False
main:windowdays:bounded:baseline:0015,windowdays,bounded,baseline,435000000,445000000.0,222500000,667500000,False
main:windowdays:bounded:baseline:0017,windowdays,bounded,baseline,350000000,445000000.0,222500000,667500000,False
main:windowdays:bounded:baseline:0019,windowdays,bounded,baseline,348524306,445000000.0,222500000,667500000,False
main:windowdays:bounded:baseline:0018,windowdays,bounded,baseline,375000000,445000000.0,222500000,667500000,False
main:windowdays:bounded:baseline:0020,windowdays,bounded,baseline,485000000,445000000.0,222500000,667500000,False
main:windowdays:bounded:baseline:0021,windowdays,bounded,baseline,438000000,445000000.0,222500000,667500000,False
main:windowdays:bounded:baseline:0022,windowdays,bounded,baseline,456250000,445000000.0,222500000,667500000,False
main:windowdays:bounded:baseline:0025,windowdays,bounded,baseline,342000000,445000000.0,222500000,667500000,False
main:windowdays:bounded:baseline:0026,windowdays,bounded,baseline,380000000,445000000.0,222500000,667500000,False
main:windowdays:bounded:baseline:0027,windowdays,bounded,baseline,449000000,445000000.0,222500000,667500000,False
main:windowdays:bounded:baseline:0024,windowdays,bounded,baseline,445000000,445000000.0,222500000,667500000,False
main:windowdays:bounded:baseline:0028,windowdays,bounded,baseline,385000000,445000000.0,222500000,667500000,False
main:windowdays:bounded:baseline:0031,windowdays,bounded,baseline,443875000,445000000.0,222500000,667500000,False
main:windowdays:bounded:baseline:0030,windowdays,bounded,baseline,335000000,445000000.0,222500000,667500000,False
main:windowdays:bounded:baseline:0032,windowdays,bounded,baseline,450000000,445000000.0,222500000,667500000,False
main:windowdays:bounded:baseline:0035,windowdays,bounded,baseline,385000000,445000000.0,222500000,667500000,False
main:windowdays:bounded:baseline:0033,windowdays,bounded,baseline,445000000,445000000.0,222500000,667500000,False
main:windowdays:bounded:baseline:0036,windowdays,bounded,baseline,373000000,445000000.0,222500000,667500000,False
main:windowdays:bounded:baseline:0038,windowdays,bounded,baseline,400000000,445000000.0,222500000,667500000,False
main:windowdays:bounded:baseline:0039,windowdays,bounded,baseline,450000000,445000000.0,222500000,667500000,False
main:windowdays:bounded:baseline:0042,windowdays,bounded,baseline,450000000,445000000.0,222500000,667500000,False
main:windowdays:bounded:baseline:0040,windowdays,bounded,baseline,430000000,445000000.0,222500000,667500000,False
main:windowdays:bounded:baseline:0044,windowdays,bounded,baseline,445000000,445000000.0,222500000,667500000,False
main:windowdays:bounded:baseline:0046,windowdays,bounded,baseline,445000000,445000000.0,222500000,667500000,False
main:windowdays:bounded:baseline:0047,windowdays,bounded,baseline,450000000,445000000.0,222500000,667500000,False
main:windowdays:bounded:baseline:0049,windowdays,bounded,baseline,445000000,445000000.0,222500000,667500000,False
main:windowdays:bounded:baseline:0045,windowdays,bounded,baseline,445000000,445000000.0,222500000,667500000,False
main:windowdays:bounded:above_good:0001,windowdays,bounded,above_good,445000000,445000000.0,222500000,667500000,False
main:windowdays:bounded:above_good:0002,windowdays,bounded,above_good,445000000,445000000.0,222500000,667500000,False
main:windowdays:bounded:above_good:0003,windowdays,bounded,above_good,445000000,445000000.0,222500000,667500000,False
main:windowdays:bounded:above_good:0004,windowdays,bounded,above_good,444000000,445000000.0,222500000,667500000,False
main:windowdays:bounded:above_good:0005,windowdays,bounded,above_good,265000000,445000000.0,222500000,667500000,False
main:windowdays:bounded:above_good:0000,windowdays,bounded,above_good,445000000,445000000.0,222500000,667500000,False
main:windowdays:bounded:above_good:0006,windowdays,bounded,above_good,460000000,445000000.0,222500000,667500000,False
main:windowdays:bounded:above_good:0009,windowdays,bounded,above_good,506944444,445000000.0,222500000,667500000,False
main:windowdays:bounded:above_good:0007,windowdays,bounded,above_good,450000000,445000000.0,222500000,667500000,False
main:windowdays:bounded:above_good:0008,windowdays,bounded,above_good,430000000,445000000.0,222500000,667500000,False
main:windowdays:bounded:above_good:0011,windowdays,bounded,above_good,325000000,445000000.0,222500000,667500000,False
main:windowdays:bounded:above_good:0010,windowdays,bounded,above_good,475000000,445000000.0,222500000,667500000,False
main:windowdays:bounded:above_good:0013,windowdays,bounded,above_good,445000000,445000000.0,222500000,667500000,False
main:windowdays:bounded:above_good:0014,windowdays,bounded,above_good,235000000,445000000.0,222500000,667500000,False
main:windowdays:bounded:above_good:0012,windowdays,bounded,above_good,478000000,445000000.0,222500000,667500000,False
main:windowdays:bounded:above_good:0015,windowdays,bounded,above_good,312000000,445000000.0,222500000,667500000,False
main:windowdays:bounded:above_good:0016,windowdays,bounded,above_good,500000000,445000000.0,222500000,667500000,False
main:windowdays:bounded:above_good:0019,windowdays,bounded,above_good,550000000,445000000.0,222500000,667500000,False
main:windowdays:bounded:above_good:0017,windowdays,bounded,above_good,475000000,445000000.0,222500000,667500000,False
main:windowdays:bounded:above_good:0018,windowdays,bounded,above_good,450000000,445000000.0,222500000,667500000,False
main:windowdays:bounded:above_good:0020,windowdays,bounded,above_good,412500000,445000000.0,222500000,667500000,False
main:windowdays:bounded:above_good:0024,windowdays,bounded,above_good,425000000,445000000.0,222500000,667500000,False
main:windowdays:bounded:above_good:0022,windowdays,bounded,above_good,382000000,445000000.0,222500000,667500000,False
main:windowdays:bounded:above_good:0021,windowdays,bounded,above_good,445000000,445000000.0,222500000,667500000,False
main:windowdays:bounded:above_good:0023,windowdays,bounded,above_good,450000000,445000000.0,222500000,667500000,False
main:windowdays:bounded:above_good:0025,windowdays,bounded,above_good,450000000,445000000.0,222500000,667500000,False
main:windowdays:bounded:above_good:0029,windowdays,bounded,above_good,445000000,445000000.0,222500000,667500000,False
main:windowdays:bounded:above_good:0028,windowdays,bounded,above_good,435000000,445000000.0,222500000,667500000,False
main:windowdays:bounded:above_good:0026,windowdays,bounded,above_good,340000000,445000000.0,222500000,667500000,False
main:windowdays:bounded:above_good:0030,windowdays,bounded,above_good,445000000,445000000.0,222500000,667500000,False
main:windowdays:bounded:above_good:0027,windowdays,bounded,above_good,426000000,445000000.0,222500000,667500000,False
main:windowdays:bounded:above_good:0031,windowdays,bounded,above_good,455000000,445000000.0,222500000,667500000,False
main:windowdays:bounded:above_good:0032,windowdays,bounded,above_good,445000000,445000000.0,222500000,667500000,False
main:windowdays:bounded:above_good:0033,windowdays,bounded,above_good,480000000,445000000.0,222500000,667500000,False
main:windowdays:bounded:above_good:0035,windowdays,bounded,above_good,440000000,445000000.0,222500000,667500000,False
main:windowdays:bounded:above_good:0036,windowdays,bounded,above_good,520000000,445000000.0,222500000,667500000,False
main:windowdays:bounded:above_good:0038,windowdays,bounded,above_good,450000000,445000000.0,222500000,667500000,False
main:windowdays:bounded:above_good:0034,windowdays,bounded,above_good,447000000,445000000.0,222500000,667500000,False
main:windowdays:bounded:above_good:0037,windowdays,bounded,above_good,380000000,445000000.0,222500000,667500000,False
main:windowdays:bounded:above_good:0041,windowdays,bounded,above_good,445000000,445000000.0,222500000,667500000,False
main:windowdays:bounded:above_good:0042,windowdays,bounded,above_good,349000000,445000000.0,222500000,667500000,False
main:windowdays:bounded:above_good:0040,windowdays,bounded,above_good,445000000,445000000.0,222500000,667500000,False
main:windowdays:bounded:above_good:0039,windowdays,bounded,above_good,380000000,445000000.0,222500000,667500000,False
main:windowdays:bounded:above_good:0044,windowdays,bounded,above_good,445000000,445000000.0,222500000,667500000,False
main:windowdays:bounded:above_good:0045,windowdays,bounded,above_good,485000000,445000000.0,222500000,667500000,False
main:windowdays:bounded:above_good:0043,windowdays,bounded,above_good,426000000,445000000.0,222500000,667500000,False
main:windowdays:bounded:above_good:0046,windowdays,bounded,above_good,498000000,445000000.0,222500000,667500000,False
main:windowdays:bounded:above_good:0047,windowdays,bounded,above_good,480000000,445000000.0,222500000,667500000,False
main:windowdays:bounded:above_good:0048,windowdays,bounded,above_good,535000000,445000000.0,222500000,667500000,False
main:windowdays:bounded:above_good:0049,windowdays,bounded,above_good,502000000,445000000.0,222500000,667500000,False
main:windowdays:bounded:below_good:0003,windowdays,bounded,below_good,445000000,445000000.0,222500000,667500000,False
main:windowdays:bounded:below_good:0001,windowdays,bounded,below_good,342000000,445000000.0,222500000,667500000,False
main:windowdays:bounded:below_good:0004,windowdays,bounded,below_good,365000000,445000000.0,222500000,667500000,False
main:windowdays:bounded:below_good:0000,windowdays,bounded,below_good,442000000,445000000.0,222500000,667500000,False
main:windowdays:bounded:below_good:0002,windowdays,bounded,below_good,445000000,445000000.0,222500000,667500000,False
main:windowdays:bounded:below_good:0005,windowdays,bounded,below_good,410000000,445000000.0,222500000,667500000,False
main:windowdays:bounded:below_good:0006,windowdays,bounded,below_good,423000000,445000000.0,222500000,667500000,False
main:windowdays:bounded:below_good:0009,windowdays,bounded,below_good,285000000,445000000.0,222500000,667500000,False
main:windowdays:bounded:below_good:0007,windowdays,bounded,below_good,350000000,445000000.0,222500000,667500000,False
main:windowdays:bounded:below_good:0010,windowdays,bounded,below_good,380000000,445000000.0,222500000,667500000,False
main:windowdays:bounded:below_good:0008,windowdays,bounded,below_good,325000000,445000000.0,222500000,667500000,False
main:windowdays:bounded:below_good:0012,windowdays,bounded,below_good,445000000,445000000.0,222500000,667500000,False
main:windowdays:bounded:below_good:0013,windowdays,bounded,below_good,435000000,445000000.0,222500000,667500000,False
main:windowdays:bounded:below_good:0011,windowdays,bounded,below_good,445000000,445000000.0,222500000,667500000,False
main:windowdays:bounded:below_good:0014,windowdays,bounded,below_good,445000000,445000000.0,222500000,667500000,False
main:windowdays:bounded:below_good:0015,windowdays,bounded,below_good,372000000,445000000.0,222500000,667500000,False
main:windowdays:bounded:below_good:0017,windowdays,bounded,below_good,410000000,445000000.0,222500000,667500000,False
main:windowdays:bounded:below_good:0016,windowdays,bounded,below_good,400000000,445000000.0,222500000,667500000,False
main:windowdays:bounded:below_good:0018,windowdays,bounded,below_good,401650000,445000000.0,222500000,667500000,False
main:windowdays:bounded:below_good:0020,windowdays,bounded,below_good,350000000,445000000.0,222500000,667500000,False
main:windowdays:bounded:below_good:0021,windowdays,bounded,below_good,301000000,445000000.0,222500000,667500000,False
main:windowdays:bounded:below_good:0019,windowdays,bounded,below_good,455000000,445000000.0,222500000,667500000,False
main:windowdays:bounded:below_good:0022,windowdays,bounded,below_good,415000000,445000000.0,222500000,667500000,False
main:windowdays:bounded:below_good:0023,windowdays,bounded,below_good,440000000,445000000.0,222500000,667500000,False
main:windowdays:bounded:below_good:0024,windowdays,bounded,below_good,430000000,445000000.0,222500000,667500000,False
main:windowdays:bounded:below_good:0025,windowdays,bounded,below_good,450000000,445000000.0,222500000,667500000,False
main:windowdays:bounded:below_good:0026,windowdays,bounded,below_good,450000000,445000000.0,222500000,667500000,False
main:windowdays:bounded:below_good:0027,windowdays,bounded,below_good,445000000,445000000.0,222500000,667500000,False
main:windowdays:bounded:below_good:0028,windowdays,bounded,below_good,323000000,445000000.0,222500000,667500000,False
main:windowdays:bounded:below_good:0032,windowdays,bounded,below_good,415000000,445000000.0,222500000,667500000,False
main:windowdays:bounded:below_good:0029,windowdays,bounded,below_good,385000000,445000000.0,222500000,667500000,False
main:windowdays:bounded:below_good:0031,windowdays,bounded,below_good,445000000,445000000.0,222500000,667500000,False
main:windowdays:bounded:below_good:0030,windowdays,bounded,below_good,445000000,445000000.0,222500000,667500000,False
main:windowdays:bounded:below_good:0034,windowdays,bounded,below_good,410000000,445000000.0,222500000,667500000,False
main:windowdays:bounded:below_good:0033,windowdays,bounded,below_good,410000000,445000000.0,222500000,667500000,False
main:windowdays:bounded:below_good:0035,windowdays,bounded,below_good,450000000,445000000.0,222500000,667500000,False
main:windowdays:bounded:below_good:0036,windowdays,bounded,below_good,475000000,445000000.0,222500000,667500000,False
main:windowdays:bounded:below_good:0038,windowdays,bounded,below_good,445000000,445000000.0,222500000,667500000,False
main:windowdays:bounded:below_good:0037,windowdays,bounded,below_good,420000000,445000000.0,222500000,667500000,False
main:windowdays:bounded:below_good:0039,windowdays,bounded,below_good,385000000,445000000.0,222500000,667500000,False
main:windowdays:bounded:below_good:0040,windowdays,bounded,below_good,405000000,445000000.0,222500000,667500000,False
main:windowdays:bounded:below_good:0041,windowdays,bounded,below_good,399500000,445000000.0,222500000,667500000,False
main:windowdays:bounded:below_good:0043,windowdays,bounded,below_good,444000000,445000000.0,222500000,667500000,False
main:windowdays:bounded:below_good:0045,windowdays,bounded,below_good,445000000,445000000.0,222500000,667500000,False
main:windowdays:bounded:below_good:0042,windowdays,bounded,below_good,357000000,445000000.0,222500000,667500000,False
main:windowdays:bounded:below_good:0044,windowdays,bounded,below_good,312000000,445000000.0,222500000,667500000,False
main:windowdays:bounded:below_good:0046,windowdays,bounded,below_good,445000000,445000000.0,222500000,667500000,False
main:windowdays:bounded:below_good:0047,windowdays,bounded,below_good,373000000,445000000.0,222500000,667500000,False
main:windowdays:bounded:below_good:0048,windowdays,bounded,below_good,438000000,445000000.0,222500000,667500000,False
main:windowdays:bounded:below_good:0049,windowdays,bounded,below_good,425000000,445000000.0,222500000,667500000,False
